AStar;10;10;0.0142822
AStar;10;11;0.0168553
AStar;10;12;0.0165621
AStar;10;13;0.0211137
AStar;10;14;0.0210846
AStar;10;15;0.0224031
AStar;10;16;0.0229077
AStar;10;17;0.0226743
AStar;10;18;0.0228035
AStar;10;19;0.0244355
AStar;10;20;0.0253635
AStar;10;21;0.0265877
AStar;10;22;0.0257325
AStar;10;23;0.0253882
AStar;10;24;0.0260312
AStar;10;25;0.0286241
AStar;10;26;0.0290616
AStar;10;27;0.0298409
AStar;10;28;0.027145
AStar;10;29;0.0296286
AStar;10;30;0.0315491
AStar;10;31;0.0314313
AStar;10;32;0.029472
AStar;10;33;0.0372163
AStar;10;34;0.0307092
AStar;10;35;0.030386
AStar;10;36;0.0324289
AStar;10;37;0.031061
AStar;10;38;0.0367902
AStar;10;39;0.0325708
AStar;10;40;0.0336172
AStar;10;41;0.0317901
AStar;10;42;0.0331924
AStar;10;43;0.0462385
AStar;10;44;0.0353909
AStar;10;45;0.0631419
AStar;10;9;0.0138299
AStar;11;10;0.0264065
AStar;11;11;0.0257145
AStar;11;12;0.0241016
AStar;11;13;0.0249402
AStar;11;14;0.0224511
AStar;11;15;0.0321785
AStar;11;16;0.0279935
AStar;11;17;0.0268729
AStar;11;18;0.0271854
AStar;11;19;0.0302004
AStar;11;20;0.0288542
AStar;11;21;0.0329715
AStar;11;22;0.0364872
AStar;11;23;0.0527025
AStar;11;24;0.050107
AStar;11;25;0.0330702
AStar;11;26;0.044847
AStar;11;27;0.0342569
AStar;11;28;0.0340045
AStar;11;29;0.0341163
AStar;11;30;0.0384376
AStar;11;31;0.0355172
AStar;11;32;0.0499169
AStar;11;33;0.0349986
AStar;11;34;0.0387672
AStar;11;35;0.0377333
AStar;11;36;0.0631932
AStar;11;37;0.0437704
AStar;11;38;0.0695509
AStar;11;39;0.0441758
AStar;11;40;0.0611107
AStar;11;41;0.0373075
AStar;11;42;0.0417833
AStar;11;43;0.0371967
AStar;11;44;0.0426933
AStar;11;45;0.0409295
AStar;11;46;0.0410581
AStar;11;47;0.0427816
AStar;11;48;0.051765
AStar;11;49;0.0451702
AStar;11;50;0.0689102
AStar;11;51;0.0795523
AStar;11;52;0.0548273
AStar;11;53;0.0712341
AStar;11;54;0.0440248
AStar;11;55;0.0464685
AStar;12;11;0.0201929
AStar;12;12;0.0225737
AStar;12;13;0.0244751
AStar;12;14;0.0249734
AStar;12;15;0.0352309
AStar;12;16;0.0276362
AStar;12;17;0.0395465
AStar;12;18;0.0314314
AStar;12;19;0.0633343
AStar;12;20;0.0740581
AStar;12;21;0.0560269
AStar;12;22;0.0503317
AStar;12;23;0.038147
AStar;12;24;0.0394488
AStar;12;25;0.0419599
AStar;12;26;0.0415487
AStar;12;27;0.057908
AStar;12;28;0.0456523
AStar;12;29;0.0396106
AStar;12;30;0.0438921
AStar;12;31;0.0434675
AStar;12;32;0.0553269
AStar;12;33;0.0789412
AStar;12;34;0.0855812
AStar;12;35;0.0626288
AStar;12;36;0.0738471
AStar;12;37;0.0449624
AStar;12;38;0.0461547
AStar;12;39;0.0489387
AStar;12;40;0.0449811
AStar;12;41;0.0577311
AStar;12;42;0.060515
AStar;12;43;0.0893903
AStar;12;44;0.0859049
AStar;12;45;0.0934227
AStar;12;46;0.0455791
AStar;12;47;0.0835896
AStar;12;48;0.06762
AStar;12;49;0.0692881
AStar;12;50;0.0850423
AStar;12;51;0.0564312
AStar;12;52;0.0885006
AStar;12;53;0.0878892
AStar;12;54;0.0939693
AStar;12;55;0.098255
AStar;12;56;0.125575
AStar;12;57;0.0966908
AStar;12;58;0.0942897
AStar;12;59;0.100698
AStar;12;60;0.0906725
AStar;12;61;0.0794283
AStar;12;62;0.0503163
AStar;12;63;0.0861307
AStar;12;64;0.0912532
AStar;12;65;0.0902844
AStar;12;66;0.0850003
AStar;13;12;0.0350997
AStar;13;13;0.040009
AStar;13;14;0.0279158
AStar;13;15;0.0559962
AStar;13;16;0.0331047
AStar;13;17;0.0422031
AStar;13;18;0.0496122
AStar;13;19;0.059885
AStar;13;20;0.0608381
AStar;13;21;0.0628669
AStar;13;22;0.0665671
AStar;13;23;0.0672242
AStar;13;24;0.0683512
AStar;13;25;0.0465545
AStar;13;26;0.0554877
AStar;13;27;0.0455396
AStar;13;28;0.0738128
AStar;13;29;0.0706895
AStar;13;30;0.0616503
AStar;13;31;0.0462814
AStar;13;32;0.0757005
AStar;13;33;0.08494
AStar;13;34;0.0819326
AStar;13;35;0.087999
AStar;13;36;0.0831624
AStar;13;37;0.0531365
AStar;13;38;0.0706636
AStar;13;39;0.0801488
AStar;13;40;0.0859165
AStar;13;41;0.0822845
AStar;13;42;0.0989321
AStar;13;43;0.0555389
AStar;13;44;0.0729938
AStar;13;45;0.0578916
AStar;13;46;0.0598272
AStar;13;47;0.0630398
AStar;13;48;0.0585728
AStar;13;49;0.0561979
AStar;13;50;0.0546244
AStar;13;51;0.0557086
AStar;13;52;0.0622137
AStar;13;53;0.0568785
AStar;13;54;0.0581427
AStar;13;55;0.0665026
AStar;13;56;0.0576717
AStar;13;57;0.0644984
AStar;13;58;0.0616634
AStar;13;59;0.0640213
AStar;13;60;0.0604743
AStar;13;61;0.0673514
AStar;13;62;0.0915548
AStar;13;63;0.0792437
AStar;13;64;0.115735
AStar;13;65;0.0747244
AStar;13;66;0.10344
AStar;13;67;0.112837
AStar;13;68;0.10772
AStar;13;69;0.0691511
AStar;13;70;0.115108
AStar;13;71;0.0671126
AStar;13;72;0.0783579
AStar;13;73;0.108189
AStar;13;74;0.0654647
AStar;13;75;0.0795957
AStar;13;76;0.0891355
AStar;13;77;0.0668383
AStar;13;78;0.0830428
AStar;14;13;0.0264376
AStar;14;14;0.0304321
AStar;14;15;0.0354254
AStar;14;16;0.0562957
AStar;14;17;0.0557417
AStar;14;18;0.0435344
AStar;14;19;0.0463082
AStar;14;20;0.0718777
AStar;14;21;0.0502903
AStar;14;22;0.0551103
AStar;14;23;0.0561756
AStar;14;24;0.0691856
AStar;14;25;0.0508196
AStar;14;26;0.0724168
AStar;14;27;0.0528244
AStar;14;28;0.0665444
AStar;14;29;0.0555737
AStar;14;30;0.0684751
AStar;14;31;0.0614982
AStar;14;32;0.0680641
AStar;14;33;0.0631423
AStar;14;34;0.0577227
AStar;14;35;0.0993632
AStar;14;36;0.0961731
AStar;14;37;0.0624363
AStar;14;38;0.0706912
AStar;14;39;0.0710751
AStar;14;40;0.0742817
AStar;14;41;0.0688535
AStar;14;42;0.0721525
AStar;14;43;0.0617891
AStar;14;44;0.078359
AStar;14;45;0.0704871
AStar;14;46;0.0804255
AStar;14;47;0.0708839
AStar;14;48;0.0740556
AStar;14;49;0.0836462
AStar;14;50;0.0964733
AStar;14;51;0.098746
AStar;14;52;0.12254
AStar;14;53;0.132345
AStar;14;54;0.122921
AStar;14;55;0.120624
AStar;14;56;0.130011
AStar;14;57;0.119246
AStar;14;58;0.131319
AStar;14;59;0.13095
AStar;14;60;0.124273
AStar;14;61;0.168918
AStar;14;62;0.125842
AStar;14;63;0.12201
AStar;14;64;0.114899
AStar;14;65;0.117687
AStar;14;66;0.121232
AStar;14;67;0.127987
AStar;14;68;0.117368
AStar;14;69;0.126972
AStar;14;70;0.121467
AStar;14;71;0.125239
AStar;14;72;0.127336
AStar;14;73;0.136022
AStar;14;74;0.125996
AStar;14;75;0.111964
AStar;14;76;0.122111
AStar;14;77;0.124482
AStar;14;78;0.0907873
AStar;14;79;0.140638
AStar;14;80;0.109557
AStar;14;81;0.113156
AStar;14;82;0.0782826
AStar;14;83;0.0975277
AStar;14;84;0.110926
AStar;14;85;0.0861101
AStar;14;86;0.0827052
AStar;14;87;0.104534
AStar;14;88;0.144402
AStar;14;89;0.114627
AStar;14;90;0.128699
AStar;14;91;0.134145
AStar;15;100;0.150287
AStar;15;101;0.157916
AStar;15;102;0.154301
AStar;15;103;0.132081
AStar;15;104;0.111946
AStar;15;105;0.155897
AStar;15;14;0.0493048
AStar;15;15;0.0543346
AStar;15;16;0.0424231
AStar;15;17;0.0719152
AStar;15;18;0.0700687
AStar;15;19;0.0823874
AStar;15;20;0.0514282
AStar;15;21;0.0526578
AStar;15;22;0.0647131
AStar;15;23;0.0881231
AStar;15;24;0.0932302
AStar;15;25;0.0947066
AStar;15;26;0.0967343
AStar;15;27;0.0953685
AStar;15;28;0.0974411
AStar;15;29;0.0626203
AStar;15;30;0.0706156
AStar;15;31;0.0600248
AStar;15;32;0.0673899
AStar;15;33;0.0718586
AStar;15;34;0.072446
AStar;15;35;0.0702581
AStar;15;36;0.0810454
AStar;15;37;0.0710159
AStar;15;38;0.0646265
AStar;15;39;0.0705445
AStar;15;40;0.0760456
AStar;15;41;0.0673124
AStar;15;42;0.094242
AStar;15;43;0.0908429
AStar;15;44;0.070444
AStar;15;45;0.0916932
AStar;15;46;0.0884701
AStar;15;47;0.0736646
AStar;15;48;0.0766074
AStar;15;49;0.0820258
AStar;15;50;0.0718138
AStar;15;51;0.0834327
AStar;15;52;0.0867244
AStar;15;53;0.0733487
AStar;15;54;0.0855138
AStar;15;55;0.0793856
AStar;15;56;0.0734489
AStar;15;57;0.0763119
AStar;15;58;0.0817014
AStar;15;59;0.0782434
AStar;15;60;0.0892315
AStar;15;61;0.0846344
AStar;15;62;0.0784829
AStar;15;63;0.0848525
AStar;15;64;0.0889088
AStar;15;65;0.0881557
AStar;15;66;0.0872548
AStar;15;67;0.103819
AStar;15;68;0.0830567
AStar;15;69;0.100602
AStar;15;70;0.104636
AStar;15;71;0.0823269
AStar;15;72;0.0925259
AStar;15;73;0.112874
AStar;15;74;0.0852583
AStar;15;75;0.0981879
AStar;15;76;0.11878
AStar;15;77;0.0832923
AStar;15;78;0.104713
AStar;15;79;0.122461
AStar;15;80;0.114469
AStar;15;81;0.145028
AStar;15;82;0.150064
AStar;15;83;0.180548
AStar;15;84;0.154186
AStar;15;85;0.173375
AStar;15;86;0.199337
AStar;15;87;0.173885
AStar;15;88;0.161161
AStar;15;89;0.156292
AStar;15;90;0.165976
AStar;15;91;0.149823
AStar;15;92;0.151088
AStar;15;93;0.138677
AStar;15;94;0.138241
AStar;15;95;0.115552
AStar;15;96;0.147072
AStar;15;97;0.119438
AStar;15;98;0.14067
AStar;15;99;0.114865
AStar;16;100;0.156252
AStar;16;101;0.109962
AStar;16;102;0.106841
AStar;16;103;0.114382
AStar;16;104;0.139657
AStar;16;105;0.105951
AStar;16;106;0.16859
AStar;16;107;0.207559
AStar;16;108;0.184414
AStar;16;109;0.117311
AStar;16;110;0.187901
AStar;16;111;0.160195
AStar;16;112;0.174388
AStar;16;113;0.168268
AStar;16;114;0.142995
AStar;16;115;0.137535
AStar;16;116;0.172503
AStar;16;117;0.162167
AStar;16;118;0.181217
AStar;16;119;0.185862
AStar;16;120;0.13372
AStar;16;15;0.0575539
AStar;16;16;0.0410426
AStar;16;17;0.0365233
AStar;16;18;0.0490243
AStar;16;19;0.0886629
AStar;16;20;0.0890332
AStar;16;21;0.107984
AStar;16;22;0.112927
AStar;16;23;0.0925585
AStar;16;24;0.065126
AStar;16;25;0.0650032
AStar;16;26;0.0703401
AStar;16;27;0.112383
AStar;16;28;0.0783329
AStar;16;29;0.124868
AStar;16;30;0.123093
AStar;16;31;0.0735896
AStar;16;32;0.082823
AStar;16;33;0.106223
AStar;16;34;0.0760123
AStar;16;35;0.112698
AStar;16;36;0.111249
AStar;16;37;0.0746628
AStar;16;38;0.0808288
AStar;16;39;0.0881272
AStar;16;40;0.0791189
AStar;16;41;0.0815997
AStar;16;42;0.103648
AStar;16;43;0.0816829
AStar;16;44;0.0832072
AStar;16;45;0.101136
AStar;16;46;0.0857739
AStar;16;47;0.0958658
AStar;16;48;0.118309
AStar;16;49;0.0871567
AStar;16;50;0.0852031
AStar;16;51;0.109002
AStar;16;52;0.0827717
AStar;16;53;0.120292
AStar;16;54;0.129078
AStar;16;55;0.0872018
AStar;16;56;0.0948235
AStar;16;57;0.123808
AStar;16;58;0.0890839
AStar;16;59;0.0907166
AStar;16;60;0.122028
AStar;16;61;0.0918776
AStar;16;62;0.0974692
AStar;16;63;0.122709
AStar;16;64;0.0919754
AStar;16;65;0.0982168
AStar;16;66;0.124073
AStar;16;67;0.0878902
AStar;16;68;0.100453
AStar;16;69;0.135397
AStar;16;70;0.0967782
AStar;16;71;0.0927836
AStar;16;72;0.127943
AStar;16;73;0.13194
AStar;16;74;0.138706
AStar;16;75;0.141863
AStar;16;76;0.239356
AStar;16;77;0.184584
AStar;16;78;0.334917
AStar;16;79;0.142968
AStar;16;80;0.158928
AStar;16;81;0.182073
AStar;16;82;0.166451
AStar;16;83;0.16214
AStar;16;84;0.150324
AStar;16;85;0.159358
AStar;16;86;0.140222
AStar;16;87;0.108017
AStar;16;88;0.102058
AStar;16;89;0.104102
AStar;16;90;0.170015
AStar;16;91;0.177945
AStar;16;92;0.0945567
AStar;16;93;0.114068
AStar;16;94;0.135938
AStar;16;95;0.0998217
AStar;16;96;0.110969
AStar;16;97;0.161749
AStar;16;98;0.191524
AStar;16;99;0.165342
AStar;17;100;0.184719
AStar;17;101;0.182813
AStar;17;102;0.188492
AStar;17;103;0.122485
AStar;17;104;0.120102
AStar;17;105;0.18736
AStar;17;106;0.1792
AStar;17;107;0.138148
AStar;17;108;0.173891
AStar;17;109;0.188618
AStar;17;110;0.120174
AStar;17;111;0.126423
AStar;17;112;0.223263
AStar;17;113;0.206836
AStar;17;114;0.195416
AStar;17;115;0.177978
AStar;17;116;0.129836
AStar;17;117;0.133735
AStar;17;118;0.160462
AStar;17;119;0.119936
AStar;17;120;0.125567
AStar;17;121;0.16655
AStar;17;122;0.124131
AStar;17;123;0.132753
AStar;17;124;0.154598
AStar;17;125;0.12381
AStar;17;126;0.131801
AStar;17;127;0.155886
AStar;17;128;0.124541
AStar;17;129;0.140647
AStar;17;130;0.126013
AStar;17;131;0.127566
AStar;17;132;0.16153
AStar;17;133;0.129342
AStar;17;134;0.13077
AStar;17;135;0.165061
AStar;17;136;0.160947
AStar;17;16;0.0400106
AStar;17;17;0.0702748
AStar;17;18;0.0452333
AStar;17;19;0.0684205
AStar;17;20;0.062103
AStar;17;21;0.0992225
AStar;17;22;0.0686015
AStar;17;23;0.101202
AStar;17;24;0.0679868
AStar;17;25;0.104108
AStar;17;26;0.0761634
AStar;17;27;0.0793318
AStar;17;28;0.0892585
AStar;17;29;0.0857091
AStar;17;30;0.0997642
AStar;17;31;0.106167
AStar;17;32;0.0849219
AStar;17;33;0.0812156
AStar;17;34;0.117326
AStar;17;35;0.166567
AStar;17;36;0.148205
AStar;17;37;0.158012
AStar;17;38;0.159318
AStar;17;39;0.15378
AStar;17;40;0.133832
AStar;17;41;0.126414
AStar;17;42;0.141285
AStar;17;43;0.138176
AStar;17;44;0.115069
AStar;17;45;0.100115
AStar;17;46;0.139439
AStar;17;47;0.157587
AStar;17;48;0.147407
AStar;17;49;0.153692
AStar;17;50;0.156277
AStar;17;51;0.0959372
AStar;17;52;0.123979
AStar;17;53;0.105093
AStar;17;54;0.0988581
AStar;17;55;0.138788
AStar;17;56;0.16389
AStar;17;57;0.180583
AStar;17;58;0.134776
AStar;17;59;0.157399
AStar;17;60;0.16871
AStar;17;61;0.143165
AStar;17;62;0.137768
AStar;17;63;0.150279
AStar;17;64;0.156586
AStar;17;65;0.168369
AStar;17;66;0.166464
AStar;17;67;0.166288
AStar;17;68;0.151761
AStar;17;69;0.117591
AStar;17;70;0.106066
AStar;17;71;0.104435
AStar;17;72;0.15259
AStar;17;73;0.139081
AStar;17;74;0.171458
AStar;17;75;0.183769
AStar;17;76;0.123994
AStar;17;77;0.107288
AStar;17;78;0.162873
AStar;17;79;0.186325
AStar;17;80;0.108429
AStar;17;81;0.105067
AStar;17;82;0.167451
AStar;17;83;0.109896
AStar;17;84;0.117527
AStar;17;85;0.154119
AStar;17;86;0.12189
AStar;17;87;0.110466
AStar;17;88;0.146573
AStar;17;89;0.128925
AStar;17;90;0.116252
AStar;17;91;0.16131
AStar;17;92;0.113153
AStar;17;93;0.126024
AStar;17;94;0.140027
AStar;17;95;0.152738
AStar;17;96;0.138793
AStar;17;97;0.118659
AStar;17;98;0.134086
AStar;17;99;0.145932
AStar;18;100;0.175718
AStar;18;101;0.218126
AStar;18;102;0.16452
AStar;18;103;0.173059
AStar;18;104;0.226074
AStar;18;105;0.14264
AStar;18;106;0.205957
AStar;18;107;0.163336
AStar;18;108;0.219328
AStar;18;109;0.139958
AStar;18;110;0.171366
AStar;18;111;0.141849
AStar;18;112;0.153772
AStar;18;113;0.137992
AStar;18;114;0.155886
AStar;18;115;0.191096
AStar;18;116;0.257685
AStar;18;117;0.317088
AStar;18;118;0.22603
AStar;18;119;0.298899
AStar;18;120;0.202344
AStar;18;121;0.143518
AStar;18;122;0.210015
AStar;18;123;0.254166
AStar;18;124;0.182801
AStar;18;125;0.146296
AStar;18;126;0.140908
AStar;18;127;0.144405
AStar;18;128;0.171132
AStar;18;129;0.152057
AStar;18;130;0.230444
AStar;18;131;0.171537
AStar;18;132;0.188868
AStar;18;133;0.215008
AStar;18;134;0.202273
AStar;18;135;0.233348
AStar;18;136;0.228466
AStar;18;137;0.137727
AStar;18;138;0.174347
AStar;18;139;0.138756
AStar;18;140;0.222751
AStar;18;141;0.220077
AStar;18;142;0.218895
AStar;18;143;0.213793
AStar;18;144;0.154052
AStar;18;145;0.18204
AStar;18;146;0.217543
AStar;18;147;0.182296
AStar;18;148;0.165636
AStar;18;149;0.159438
AStar;18;150;0.189365
AStar;18;151;0.156885
AStar;18;152;0.150148
AStar;18;153;0.174856
AStar;18;17;0.050239
AStar;18;18;0.0774167
AStar;18;19;0.0661244
AStar;18;20;0.0834313
AStar;18;21;0.0798371
AStar;18;22;0.0815359
AStar;18;23;0.0896409
AStar;18;24;0.0911938
AStar;18;25;0.0881213
AStar;18;26;0.0852386
AStar;18;27;0.107759
AStar;18;28;0.0832596
AStar;18;29;0.0924444
AStar;18;30;0.124344
AStar;18;31;0.0862563
AStar;18;32;0.128177
AStar;18;33;0.130241
AStar;18;34;0.0960877
AStar;18;35;0.100523
AStar;18;36;0.133742
AStar;18;37;0.0944082
AStar;18;38;0.104543
AStar;18;39;0.143073
AStar;18;40;0.100892
AStar;18;41;0.111445
AStar;18;42;0.149815
AStar;18;43;0.103053
AStar;18;44;0.10179
AStar;18;45;0.139964
AStar;18;46;0.109994
AStar;18;47;0.109616
AStar;18;48;0.145971
AStar;18;49;0.111578
AStar;18;50;0.117672
AStar;18;51;0.223132
AStar;18;52;0.245142
AStar;18;53;0.311936
AStar;18;54;0.168854
AStar;18;55;0.167606
AStar;18;56;0.184298
AStar;18;57;0.190133
AStar;18;58;0.220577
AStar;18;59;0.153233
AStar;18;60;0.220081
AStar;18;61;0.124424
AStar;18;62;0.177668
AStar;18;63;0.113451
AStar;18;64;0.113823
AStar;18;65;0.143758
AStar;18;66;0.115637
AStar;18;67;0.118354
AStar;18;68;0.155861
AStar;18;69;0.236653
AStar;18;70;0.204733
AStar;18;71;0.194939
AStar;18;72;0.218425
AStar;18;73;0.135456
AStar;18;74;0.164413
AStar;18;75;0.210752
AStar;18;76;0.142243
AStar;18;77;0.231662
AStar;18;78;0.126097
AStar;18;79;0.12081
AStar;18;80;0.179568
AStar;18;81;0.207913
AStar;18;82;0.210274
AStar;18;83;0.149198
AStar;18;84;0.14373
AStar;18;85;0.154971
AStar;18;86;0.191537
AStar;18;87;0.129841
AStar;18;88;0.180744
AStar;18;89;0.131279
AStar;18;90;0.152629
AStar;18;91;0.143629
AStar;18;92;0.148829
AStar;18;93;0.157408
AStar;18;94;0.133696
AStar;18;95;0.16184
AStar;18;96;0.160904
AStar;18;97;0.146903
AStar;18;98;0.137505
AStar;18;99;0.162943
AStar;19;100;0.160422
AStar;19;101;0.169732
AStar;19;102;0.15555
AStar;19;103;0.171985
AStar;19;104;0.214956
AStar;19;105;0.178863
AStar;19;106;0.161813
AStar;19;107;0.152647
AStar;19;108;0.172682
AStar;19;109;0.184719
AStar;19;110;0.197005
AStar;19;111;0.173632
AStar;19;112;0.172809
AStar;19;113;0.167907
AStar;19;114;0.164164
AStar;19;115;0.165798
AStar;19;116;0.186411
AStar;19;117;0.160353
AStar;19;118;0.288906
AStar;19;119;0.293145
AStar;19;120;0.255437
AStar;19;121;0.258328
AStar;19;122;0.233003
AStar;19;123;0.239387
AStar;19;124;0.21389
AStar;19;125;0.255765
AStar;19;126;0.231392
AStar;19;127;0.234749
AStar;19;128;0.205626
AStar;19;129;0.182288
AStar;19;130;0.191175
AStar;19;131;0.181022
AStar;19;132;0.184054
AStar;19;133;0.189625
AStar;19;134;0.247133
AStar;19;135;0.240653
AStar;19;136;0.233537
AStar;19;137;0.267338
AStar;19;138;0.240733
AStar;19;139;0.178054
AStar;19;140;0.253779
AStar;19;141;0.227025
AStar;19;142;0.248437
AStar;19;143;0.196032
AStar;19;144;0.195588
AStar;19;145;0.262765
AStar;19;146;0.272246
AStar;19;147;0.195213
AStar;19;148;0.18076
AStar;19;149;0.205259
AStar;19;150;0.219256
AStar;19;151;0.182105
AStar;19;152;0.197637
AStar;19;153;0.172301
AStar;19;154;0.181402
AStar;19;155;0.179845
AStar;19;156;0.176233
AStar;19;157;0.167457
AStar;19;158;0.18597
AStar;19;159;0.186897
AStar;19;160;0.17887
AStar;19;161;0.187779
AStar;19;162;0.185062
AStar;19;163;0.18855
AStar;19;164;0.190502
AStar;19;165;0.179019
AStar;19;166;0.203882
AStar;19;167;0.186895
AStar;19;168;0.184888
AStar;19;169;0.197996
AStar;19;170;0.210621
AStar;19;171;0.221521
AStar;19;18;0.0501365
AStar;19;19;0.0937668
AStar;19;20;0.0606812
AStar;19;21;0.101905
AStar;19;22;0.0759712
AStar;19;23;0.0964458
AStar;19;24;0.0889277
AStar;19;25;0.102565
AStar;19;26;0.0962383
AStar;19;27;0.118579
AStar;19;28;0.158502
AStar;19;29;0.189813
AStar;19;30;0.145592
AStar;19;31;0.185626
AStar;19;32;0.136624
AStar;19;33;0.168252
AStar;19;34;0.11569
AStar;19;35;0.159109
AStar;19;36;0.172791
AStar;19;37;0.162426
AStar;19;38;0.176814
AStar;19;39;0.153532
AStar;19;40;0.187721
AStar;19;41;0.185748
AStar;19;42;0.139924
AStar;19;43;0.114386
AStar;19;44;0.118007
AStar;19;45;0.142211
AStar;19;46;0.125924
AStar;19;47;0.149045
AStar;19;48;0.145604
AStar;19;49;0.194178
AStar;19;50;0.18729
AStar;19;51;0.184218
AStar;19;52;0.200685
AStar;19;53;0.202171
AStar;19;54;0.20187
AStar;19;55;0.143965
AStar;19;56;0.150961
AStar;19;57;0.179851
AStar;19;58;0.206697
AStar;19;59;0.210002
AStar;19;60;0.126644
AStar;19;61;0.160937
AStar;19;62;0.235644
AStar;19;63;0.20543
AStar;19;64;0.21313
AStar;19;65;0.136528
AStar;19;66;0.14394
AStar;19;67;0.171646
AStar;19;68;0.151473
AStar;19;69;0.156172
AStar;19;70;0.153695
AStar;19;71;0.142255
AStar;19;72;0.145872
AStar;19;73;0.164483
AStar;19;74;0.13904
AStar;19;75;0.155247
AStar;19;76;0.13892
AStar;19;77;0.168585
AStar;19;78;0.142712
AStar;19;79;0.154896
AStar;19;80;0.15311
AStar;19;81;0.134626
AStar;19;82;0.168464
AStar;19;83;0.15462
AStar;19;84;0.148651
AStar;19;85;0.150792
AStar;19;86;0.14851
AStar;19;87;0.144636
AStar;19;88;0.167855
AStar;19;89;0.16026
AStar;19;90;0.14055
AStar;19;91;0.147592
AStar;19;92;0.166186
AStar;19;93;0.158432
AStar;19;94;0.153942
AStar;19;95;0.155028
AStar;19;96;0.182748
AStar;19;97;0.150029
AStar;19;98;0.16752
AStar;19;99;0.178132
AStar;20;100;0.313272
AStar;20;101;0.263561
AStar;20;102;0.282515
AStar;20;103;0.253953
AStar;20;104;0.275345
AStar;20;105;0.262734
AStar;20;106;0.279422
AStar;20;107;0.232663
AStar;20;108;0.203365
AStar;20;109;0.243846
AStar;20;110;0.179648
AStar;20;111;0.176337
AStar;20;112;0.175303
AStar;20;113;0.252746
AStar;20;114;0.311629
AStar;20;115;0.218392
AStar;20;116;0.25867
AStar;20;117;0.278766
AStar;20;118;0.174018
AStar;20;119;0.221596
AStar;20;120;0.29309
AStar;20;121;0.252387
AStar;20;122;0.206924
AStar;20;123;0.216325
AStar;20;124;0.276779
AStar;20;125;0.284
AStar;20;126;0.26187
AStar;20;127;0.191876
AStar;20;128;0.201197
AStar;20;129;0.204747
AStar;20;130;0.189007
AStar;20;131;0.18945
AStar;20;132;0.203855
AStar;20;133;0.170092
AStar;20;134;0.183316
AStar;20;135;0.216604
AStar;20;136;0.193909
AStar;20;137;0.197705
AStar;20;138;0.19231
AStar;20;139;0.185064
AStar;20;140;0.190265
AStar;20;141;0.19391
AStar;20;142;0.199859
AStar;20;143;0.20481
AStar;20;144;0.209199
AStar;20;145;0.199022
AStar;20;146;0.186042
AStar;20;147;0.178357
AStar;20;148;0.202295
AStar;20;149;0.183809
AStar;20;150;0.211595
AStar;20;151;0.20672
AStar;20;152;0.183018
AStar;20;153;0.196797
AStar;20;154;0.194936
AStar;20;155;0.21279
AStar;20;156;0.195218
AStar;20;157;0.271577
AStar;20;158;0.355834
AStar;20;159;0.386935
AStar;20;160;0.323192
AStar;20;161;0.291846
AStar;20;162;0.306591
AStar;20;163;0.214734
AStar;20;164;0.249404
AStar;20;165;0.313613
AStar;20;166;0.278027
AStar;20;167;0.208574
AStar;20;168;0.21922
AStar;20;169;0.205212
AStar;20;170;0.290929
AStar;20;171;0.272046
AStar;20;172;0.275966
AStar;20;173;0.203624
AStar;20;174;0.303361
AStar;20;175;0.302304
AStar;20;176;0.272235
AStar;20;177;0.192762
AStar;20;178;0.210372
AStar;20;179;0.267636
AStar;20;180;0.300615
AStar;20;181;0.302539
AStar;20;182;0.216871
AStar;20;183;0.232867
AStar;20;184;0.281383
AStar;20;185;0.219495
AStar;20;186;0.208371
AStar;20;187;0.218344
AStar;20;188;0.199476
AStar;20;189;0.217527
AStar;20;190;0.224273
AStar;20;19;0.0558682
AStar;20;20;0.0809157
AStar;20;21;0.0724323
AStar;20;22;0.10573
AStar;20;23;0.108294
AStar;20;24;0.0937186
AStar;20;25;0.104635
AStar;20;26;0.0913065
AStar;20;27;0.151107
AStar;20;28;0.10192
AStar;20;29;0.117189
AStar;20;30;0.139682
AStar;20;31;0.109591
AStar;20;32;0.1365
AStar;20;33;0.129047
AStar;20;34;0.105976
AStar;20;35;0.129317
AStar;20;36;0.123906
AStar;20;37;0.146192
AStar;20;38;0.123115
AStar;20;39;0.118649
AStar;20;40;0.151439
AStar;20;41;0.137746
AStar;20;42;0.122479
AStar;20;43;0.156874
AStar;20;44;0.142002
AStar;20;45;0.120332
AStar;20;46;0.144058
AStar;20;47;0.170583
AStar;20;48;0.131431
AStar;20;49;0.135025
AStar;20;50;0.219103
AStar;20;51;0.216549
AStar;20;52;0.165605
AStar;20;53;0.14214
AStar;20;54;0.201121
AStar;20;55;0.131802
AStar;20;56;0.157794
AStar;20;57;0.186543
AStar;20;58;0.208394
AStar;20;59;0.238326
AStar;20;60;0.170536
AStar;20;61;0.199645
AStar;20;62;0.221016
AStar;20;63;0.224506
AStar;20;64;0.23173
AStar;20;65;0.170496
AStar;20;66;0.198138
AStar;20;67;0.234153
AStar;20;68;0.253071
AStar;20;69;0.155688
AStar;20;70;0.200408
AStar;20;71;0.157957
AStar;20;72;0.165311
AStar;20;73;0.160657
AStar;20;74;0.171573
AStar;20;75;0.244612
AStar;20;76;0.210932
AStar;20;77;0.177759
AStar;20;78;0.231166
AStar;20;79;0.23965
AStar;20;80;0.238189
AStar;20;81;0.256787
AStar;20;82;0.243892
AStar;20;83;0.150458
AStar;20;84;0.179705
AStar;20;85;0.212538
AStar;20;86;0.254059
AStar;20;87;0.185196
AStar;20;88;0.163168
AStar;20;89;0.238311
AStar;20;90;0.243359
AStar;20;91;0.185122
AStar;20;92;0.182485
AStar;20;93;0.173401
AStar;20;94;0.177008
AStar;20;95;0.192848
AStar;20;96;0.180029
AStar;20;97;0.161839
AStar;20;98;0.209966
AStar;20;99;0.170735
AStar;21;100;0.186724
AStar;21;101;0.26156
AStar;21;102;0.27383
AStar;21;103;0.185994
AStar;21;104;0.181885
AStar;21;105;0.217104
AStar;21;106;0.203878
AStar;21;107;0.204541
AStar;21;108;0.223885
AStar;21;109;0.202359
AStar;21;110;0.180496
AStar;21;111;0.19431
AStar;21;112;0.217909
AStar;21;113;0.19072
AStar;21;114;0.207478
AStar;21;115;0.210922
AStar;21;116;0.209999
AStar;21;117;0.191697
AStar;21;118;0.195362
AStar;21;119;0.239706
AStar;21;120;0.22018
AStar;21;121;0.321038
AStar;21;122;0.268586
AStar;21;123;0.32522
AStar;21;124;0.290276
AStar;21;125;0.235235
AStar;21;126;0.248622
AStar;21;127;0.311591
AStar;21;128;0.305103
AStar;21;129;0.234995
AStar;21;130;0.263847
AStar;21;131;0.193055
AStar;21;132;0.193592
AStar;21;133;0.20893
AStar;21;134;0.225017
AStar;21;135;0.29466
AStar;21;136;0.260184
AStar;21;137;0.212396
AStar;21;138;0.276784
AStar;21;139;0.287982
AStar;21;140;0.27401
AStar;21;141;0.316101
AStar;21;142;0.220213
AStar;21;143;0.271998
AStar;21;144;0.316287
AStar;21;145;0.304896
AStar;21;146;0.207375
AStar;21;147;0.240221
AStar;21;148;0.336501
AStar;21;149;0.276981
AStar;21;150;0.200209
AStar;21;151;0.200491
AStar;21;152;0.199915
AStar;21;153;0.212408
AStar;21;154;0.224822
AStar;21;155;0.200596
AStar;21;156;0.239582
AStar;21;157;0.216823
AStar;21;158;0.205444
AStar;21;159;0.205884
AStar;21;160;0.223461
AStar;21;161;0.197889
AStar;21;162;0.206083
AStar;21;163;0.254323
AStar;21;164;0.225992
AStar;21;165;0.202761
AStar;21;166;0.237854
AStar;21;167;0.216711
AStar;21;168;0.21385
AStar;21;169;0.196003
AStar;21;170;0.232629
AStar;21;171;0.211011
AStar;21;172;0.203005
AStar;21;173;0.241033
AStar;21;174;0.219202
AStar;21;175;0.217604
AStar;21;176;0.232559
AStar;21;177;0.248315
AStar;21;178;0.347869
AStar;21;179;0.353154
AStar;21;180;0.303276
AStar;21;181;0.343677
AStar;21;182;0.323887
AStar;21;183;0.342403
AStar;21;184;0.224462
AStar;21;185;0.264965
AStar;21;186;0.224718
AStar;21;187;0.213579
AStar;21;188;0.213494
AStar;21;189;0.31292
AStar;21;190;0.367281
AStar;21;191;0.303411
AStar;21;192;0.324059
AStar;21;193;0.324152
AStar;21;194;0.249335
AStar;21;195;0.32671
AStar;21;196;0.34094
AStar;21;197;0.240051
AStar;21;198;0.31089
AStar;21;199;0.331043
AStar;21;200;0.29946
AStar;21;201;0.25415
AStar;21;202;0.238963
AStar;21;203;0.229244
AStar;21;204;0.245474
AStar;21;205;0.226848
AStar;21;206;0.217764
AStar;21;207;0.258386
AStar;21;208;0.243267
AStar;21;209;0.220137
AStar;21;20;0.0629213
AStar;21;210;0.272466
AStar;21;21;0.0745274
AStar;21;22;0.0973381
AStar;21;23;0.110193
AStar;21;24;0.0948446
AStar;21;25;0.146687
AStar;21;26;0.135949
AStar;21;27;0.113579
AStar;21;28;0.108253
AStar;21;29;0.101708
AStar;21;30;0.153208
AStar;21;31;0.13476
AStar;21;32;0.162164
AStar;21;33;0.134946
AStar;21;34;0.134869
AStar;21;35;0.153281
AStar;21;36;0.128642
AStar;21;37;0.138074
AStar;21;38;0.124547
AStar;21;39;0.157023
AStar;21;40;0.141527
AStar;21;41;0.182178
AStar;21;42;0.155667
AStar;21;43;0.155046
AStar;21;44;0.152829
AStar;21;45;0.144332
AStar;21;46;0.229495
AStar;21;47;0.258039
AStar;21;48;0.264653
AStar;21;49;0.215584
AStar;21;50;0.180433
AStar;21;51;0.242141
AStar;21;52;0.225916
AStar;21;53;0.243533
AStar;21;54;0.152165
AStar;21;55;0.207116
AStar;21;56;0.210507
AStar;21;57;0.267557
AStar;21;58;0.241786
AStar;21;59;0.212667
AStar;21;60;0.169251
AStar;21;61;0.188144
AStar;21;62;0.202214
AStar;21;63;0.160544
AStar;21;64;0.169997
AStar;21;65;0.274003
AStar;21;66;0.187638
AStar;21;67;0.244619
AStar;21;68;0.277619
AStar;21;69;0.288758
AStar;21;70;0.226201
AStar;21;71;0.224302
AStar;21;72;0.175577
AStar;21;73;0.23052
AStar;21;74;0.2803
AStar;21;75;0.180575
AStar;21;76;0.246768
AStar;21;77;0.275496
AStar;21;78;0.234243
AStar;21;79;0.179893
AStar;21;80;0.186387
AStar;21;81;0.185108
AStar;21;82;0.192202
AStar;21;83;0.178592
AStar;21;84;0.220113
AStar;21;85;0.182906
AStar;21;86;0.182199
AStar;21;87;0.187349
AStar;21;88;0.211268
AStar;21;89;0.202816
AStar;21;90;0.185973
AStar;21;91;0.201666
AStar;21;92;0.176989
AStar;21;93;0.188427
AStar;21;94;0.189063
AStar;21;95;0.223836
AStar;21;96;0.204823
AStar;21;97;0.179411
AStar;21;98;0.185316
AStar;21;99;0.278988
AStar;22;100;0.217317
AStar;22;101;0.218081
AStar;22;102;0.233652
AStar;22;103;0.218534
AStar;22;104;0.208972
AStar;22;105;0.25102
AStar;22;106;0.239762
AStar;22;107;0.371476
AStar;22;108;0.386612
AStar;22;109;0.349345
AStar;22;110;0.250539
AStar;22;111;0.316367
AStar;22;112;0.342267
AStar;22;113;0.313731
AStar;22;114;0.216401
AStar;22;115;0.234551
AStar;22;116;0.22516
AStar;22;117;0.224329
AStar;22;118;0.256288
AStar;22;119;0.276268
AStar;22;120;0.292784
AStar;22;121;0.322556
AStar;22;122;0.273863
AStar;22;123;0.325088
AStar;22;124;0.322895
AStar;22;125;0.269763
AStar;22;126;0.257485
AStar;22;127;0.282494
AStar;22;128;0.299872
AStar;22;129;0.283183
AStar;22;130;0.214538
AStar;22;131;0.328701
AStar;22;132;0.319046
AStar;22;133;0.317813
AStar;22;134;0.278357
AStar;22;135;0.229548
AStar;22;136;0.259967
AStar;22;137;0.24127
AStar;22;138;0.214574
AStar;22;139;0.249657
AStar;22;140;0.217043
AStar;22;141;0.228402
AStar;22;142;0.211238
AStar;22;143;0.25382
AStar;22;144;0.232983
AStar;22;145;0.218079
AStar;22;146;0.260864
AStar;22;147;0.228591
AStar;22;148;0.217936
AStar;22;149;0.264191
AStar;22;150;0.240172
AStar;22;151;0.219895
AStar;22;152;0.265095
AStar;22;153;0.231557
AStar;22;154;0.216235
AStar;22;155;0.264905
AStar;22;156;0.235814
AStar;22;157;0.218197
AStar;22;158;0.271966
AStar;22;159;0.233311
AStar;22;160;0.230827
AStar;22;161;0.265002
AStar;22;162;0.409667
AStar;22;163;0.412426
AStar;22;164;0.367987
AStar;22;165;0.356684
AStar;22;166;0.282383
AStar;22;167;0.318817
AStar;22;168;0.321934
AStar;22;169;0.384697
AStar;22;170;0.251165
AStar;22;171;0.224139
AStar;22;172;0.22463
AStar;22;173;0.24586
AStar;22;174;0.308218
AStar;22;175;0.279996
AStar;22;176;0.380723
AStar;22;177;0.367057
AStar;22;178;0.253552
AStar;22;179;0.240725
AStar;22;180;0.369567
AStar;22;181;0.278041
AStar;22;182;0.286629
AStar;22;183;0.356806
AStar;22;184;0.24066
AStar;22;185;0.276468
AStar;22;186;0.254037
AStar;22;187;0.225788
AStar;22;188;0.241862
AStar;22;189;0.240848
AStar;22;190;0.230132
AStar;22;191;0.251902
AStar;22;192;0.254135
AStar;22;193;0.228214
AStar;22;194;0.260512
AStar;22;195;0.242999
AStar;22;196;0.239201
AStar;22;197;0.251719
AStar;22;198;0.253372
AStar;22;199;0.225663
AStar;22;200;0.257863
AStar;22;201;0.254708
AStar;22;202;0.245194
AStar;22;203;0.276385
AStar;22;204;0.248292
AStar;22;205;0.242672
AStar;22;206;0.282694
AStar;22;207;0.268261
AStar;22;208;0.23752
AStar;22;209;0.32204
AStar;22;210;0.319133
AStar;22;211;0.281806
AStar;22;212;0.246445
AStar;22;213;0.228559
AStar;22;214;0.275625
AStar;22;215;0.380566
AStar;22;216;0.295508
AStar;22;217;0.338665
AStar;22;218;0.292968
AStar;22;219;0.398403
AStar;22;21;0.0842284
AStar;22;220;0.284152
AStar;22;221;0.40231
AStar;22;222;0.322233
AStar;22;223;0.280967
AStar;22;224;0.343472
AStar;22;225;0.394201
AStar;22;226;0.298486
AStar;22;227;0.298319
AStar;22;228;0.336752
AStar;22;229;0.37418
AStar;22;22;0.100933
AStar;22;230;0.295445
AStar;22;231;0.373177
AStar;22;23;0.12285
AStar;22;24;0.0889727
AStar;22;25;0.101081
AStar;22;26;0.106394
AStar;22;27;0.109369
AStar;22;28;0.151502
AStar;22;29;0.132311
AStar;22;30;0.159863
AStar;22;31;0.139907
AStar;22;32;0.159349
AStar;22;33;0.124698
AStar;22;34;0.134847
AStar;22;35;0.145201
AStar;22;36;0.12969
AStar;22;37;0.195495
AStar;22;38;0.144679
AStar;22;39;0.145569
AStar;22;40;0.142398
AStar;22;41;0.198843
AStar;22;42;0.160071
AStar;22;43;0.170946
AStar;22;44;0.165009
AStar;22;45;0.180158
AStar;22;46;0.162532
AStar;22;47;0.158219
AStar;22;48;0.184337
AStar;22;49;0.167223
AStar;22;50;0.160554
AStar;22;51;0.163496
AStar;22;52;0.210907
AStar;22;53;0.161627
AStar;22;54;0.172909
AStar;22;55;0.178242
AStar;22;56;0.227074
AStar;22;57;0.183393
AStar;22;58;0.185368
AStar;22;59;0.1894
AStar;22;60;0.222107
AStar;22;61;0.195529
AStar;22;62;0.193169
AStar;22;63;0.29173
AStar;22;64;0.273768
AStar;22;65;0.217312
AStar;22;66;0.225725
AStar;22;67;0.197482
AStar;22;68;0.191608
AStar;22;69;0.270981
AStar;22;70;0.274214
AStar;22;71;0.208802
AStar;22;72;0.248373
AStar;22;73;0.227568
AStar;22;74;0.200765
AStar;22;75;0.189913
AStar;22;76;0.199689
AStar;22;77;0.245535
AStar;22;78;0.266618
AStar;22;79;0.387778
AStar;22;80;0.311196
AStar;22;81;0.327245
AStar;22;82;0.238516
AStar;22;83;0.321344
AStar;22;84;0.264142
AStar;22;85;0.274993
AStar;22;86;0.300645
AStar;22;87;0.24166
AStar;22;88;0.248275
AStar;22;89;0.222701
AStar;22;90;0.266364
AStar;22;91;0.287746
AStar;22;92;0.287204
AStar;22;93;0.248874
AStar;22;94;0.258596
AStar;22;95;0.237614
AStar;22;96;0.252137
AStar;22;97;0.308696
AStar;22;98;0.285989
AStar;22;99;0.239178
AStar;23;100;0.312777
AStar;23;101;0.319001
AStar;23;102;0.318229
AStar;23;103;0.25368
AStar;23;104;0.242019
AStar;23;105;0.253364
AStar;23;106;0.245472
AStar;23;107;0.232065
AStar;23;108;0.266522
AStar;23;109;0.255334
AStar;23;110;0.234881
AStar;23;111;0.310553
AStar;23;112;0.290204
AStar;23;113;0.256251
AStar;23;114;0.248535
AStar;23;115;0.235036
AStar;23;116;0.269253
AStar;23;117;0.271017
AStar;23;118;0.238792
AStar;23;119;0.275211
AStar;23;120;0.26957
AStar;23;121;0.238032
AStar;23;122;0.276118
AStar;23;123;0.282591
AStar;23;124;0.242735
AStar;23;125;0.287366
AStar;23;126;0.257396
AStar;23;127;0.242077
AStar;23;128;0.267511
AStar;23;129;0.27978
AStar;23;130;0.236908
AStar;23;131;0.266472
AStar;23;132;0.34828
AStar;23;133;0.390271
AStar;23;134;0.386885
AStar;23;135;0.382709
AStar;23;136;0.368535
AStar;23;137;0.384777
AStar;23;138;0.257804
AStar;23;139;0.304402
AStar;23;140;0.283111
AStar;23;141;0.240673
AStar;23;142;0.247098
AStar;23;143;0.415854
AStar;23;144;0.324813
AStar;23;145;0.418057
AStar;23;146;0.256234
AStar;23;147;0.365205
AStar;23;148;0.340566
AStar;23;149;0.252598
AStar;23;150;0.361176
AStar;23;151;0.362117
AStar;23;152;0.318355
AStar;23;153;0.330728
AStar;23;154;0.281974
AStar;23;155;0.281198
AStar;23;156;0.262652
AStar;23;157;0.269999
AStar;23;158;0.262106
AStar;23;159;0.245333
AStar;23;160;0.288935
AStar;23;161;0.24862
AStar;23;162;0.256861
AStar;23;163;0.299816
AStar;23;164;0.22794
AStar;23;165;0.243582
AStar;23;166;0.310428
AStar;23;167;0.247511
AStar;23;168;0.246151
AStar;23;169;0.29147
AStar;23;170;0.25439
AStar;23;171;0.250705
AStar;23;172;0.277792
AStar;23;173;0.247771
AStar;23;174;0.274196
AStar;23;175;0.273777
AStar;23;176;0.264481
AStar;23;177;0.294664
AStar;23;178;0.262697
AStar;23;179;0.257296
AStar;23;180;0.279665
AStar;23;181;0.274899
AStar;23;182;0.246189
AStar;23;183;0.283115
AStar;23;184;0.254737
AStar;23;185;0.250866
AStar;23;186;0.304963
AStar;23;187;0.26819
AStar;23;188;0.248728
AStar;23;189;0.28865
AStar;23;190;0.276424
AStar;23;191;0.536119
AStar;23;192;0.436053
AStar;23;193;0.302933
AStar;23;194;0.246591
AStar;23;195;0.460933
AStar;23;196;0.413648
AStar;23;197;0.353504
AStar;23;198;0.265155
AStar;23;199;0.284754
AStar;23;200;0.273662
AStar;23;201;0.265002
AStar;23;202;0.29252
AStar;23;203;0.295494
AStar;23;204;0.427939
AStar;23;205;0.431993
AStar;23;206;0.463491
AStar;23;207;0.383568
AStar;23;208;0.405645
AStar;23;209;0.298589
AStar;23;210;0.340303
AStar;23;211;0.306123
AStar;23;212;0.292879
AStar;23;213;0.265106
AStar;23;214;0.341675
AStar;23;215;0.417882
AStar;23;216;0.321494
AStar;23;217;0.406867
AStar;23;218;0.301049
AStar;23;219;0.399801
AStar;23;220;0.330547
AStar;23;221;0.338272
AStar;23;222;0.31291
AStar;23;223;0.397502
AStar;23;224;0.386757
AStar;23;225;0.290779
AStar;23;226;0.356763
AStar;23;227;0.26322
AStar;23;228;0.312546
AStar;23;229;0.259288
AStar;23;22;0.0761114
AStar;23;230;0.256873
AStar;23;231;0.292919
AStar;23;232;0.27561
AStar;23;233;0.293209
AStar;23;234;0.271083
AStar;23;235;0.276233
AStar;23;236;0.320789
AStar;23;237;0.285315
AStar;23;238;0.265052
AStar;23;239;0.292466
AStar;23;23;0.088253
AStar;23;240;0.263372
AStar;23;241;0.315882
AStar;23;242;0.286135
AStar;23;243;0.275874
AStar;23;244;0.301943
AStar;23;245;0.275047
AStar;23;246;0.308435
AStar;23;247;0.444508
AStar;23;248;0.537434
AStar;23;249;0.328323
AStar;23;24;0.104282
AStar;23;250;0.428415
AStar;23;251;0.322663
AStar;23;252;0.293431
AStar;23;253;0.28357
AStar;23;25;0.1465
AStar;23;26;0.177684
AStar;23;27;0.132618
AStar;23;28;0.142187
AStar;23;29;0.126958
AStar;23;30;0.162355
AStar;23;31;0.137462
AStar;23;32;0.138484
AStar;23;33;0.250127
AStar;23;34;0.215017
AStar;23;35;0.16438
AStar;23;36;0.16012
AStar;23;37;0.170285
AStar;23;38;0.15139
AStar;23;39;0.17284
AStar;23;40;0.229267
AStar;23;41;0.246658
AStar;23;42;0.183105
AStar;23;43;0.172009
AStar;23;44;0.183218
AStar;23;45;0.187763
AStar;23;46;0.174408
AStar;23;47;0.222475
AStar;23;48;0.248773
AStar;23;49;0.195388
AStar;23;50;0.193767
AStar;23;51;0.198303
AStar;23;52;0.202334
AStar;23;53;0.194166
AStar;23;54;0.277469
AStar;23;55;0.239367
AStar;23;56;0.196732
AStar;23;57;0.206344
AStar;23;58;0.219597
AStar;23;59;0.202225
AStar;23;60;0.252745
AStar;23;61;0.292885
AStar;23;62;0.232753
AStar;23;63;0.23695
AStar;23;64;0.224681
AStar;23;65;0.211625
AStar;23;66;0.229797
AStar;23;67;0.321105
AStar;23;68;0.253757
AStar;23;69;0.245165
AStar;23;70;0.237491
AStar;23;71;0.218116
AStar;23;72;0.223411
AStar;23;73;0.32513
AStar;23;74;0.254719
AStar;23;75;0.229028
AStar;23;76;0.250789
AStar;23;77;0.218094
AStar;23;78;0.222372
AStar;23;79;0.33994
AStar;23;80;0.247648
AStar;23;81;0.228244
AStar;23;82;0.255176
AStar;23;83;0.218619
AStar;23;84;0.257371
AStar;23;85;0.325187
AStar;23;86;0.259184
AStar;23;87;0.221911
AStar;23;88;0.237311
AStar;23;89;0.227885
AStar;23;90;0.276599
AStar;23;91;0.261746
AStar;23;92;0.23611
AStar;23;93;0.240575
AStar;23;94;0.231651
AStar;23;95;0.246185
AStar;23;96;0.448534
AStar;23;97;0.347149
AStar;23;98;0.386305
AStar;23;99;0.355997
AStar;24;100;0.406965
AStar;24;101;0.284929
AStar;24;102;0.354402
AStar;24;103;0.38628
AStar;24;104;0.269221
AStar;24;105;0.408469
AStar;24;106;0.388827
AStar;24;107;0.306559
AStar;24;108;0.380886
AStar;24;109;0.369929
AStar;24;110;0.297215
AStar;24;111;0.409481
AStar;24;112;0.32331
AStar;24;113;0.273924
AStar;24;114;0.293403
AStar;24;115;0.278691
AStar;24;116;0.354641
AStar;24;117;0.277475
AStar;24;118;0.272566
AStar;24;119;0.300708
AStar;24;120;0.26713
AStar;24;121;0.270129
AStar;24;122;0.303911
AStar;24;123;0.249233
AStar;24;124;0.305553
AStar;24;125;0.279105
AStar;24;126;0.272487
AStar;24;127;0.320088
AStar;24;128;0.281979
AStar;24;129;0.258558
AStar;24;130;0.302748
AStar;24;131;0.291856
AStar;24;132;0.259632
AStar;24;133;0.285435
AStar;24;134;0.259901
AStar;24;135;0.304262
AStar;24;136;0.2721
AStar;24;137;0.273228
AStar;24;138;0.428715
AStar;24;139;0.49414
AStar;24;140;0.431878
AStar;24;141;0.404022
AStar;24;142;0.323628
AStar;24;143;0.41911
AStar;24;144;0.422419
AStar;24;145;0.33792
AStar;24;146;0.336774
AStar;24;147;0.27529
AStar;24;148;0.341908
AStar;24;149;0.307559
AStar;24;150;0.415503
AStar;24;151;0.407714
AStar;24;152;0.309937
AStar;24;153;0.315718
AStar;24;154;0.38734
AStar;24;155;0.358308
AStar;24;156;0.414527
AStar;24;157;0.322218
AStar;24;158;0.293339
AStar;24;159;0.301587
AStar;24;160;0.282061
AStar;24;161;0.283063
AStar;24;162;0.325472
AStar;24;163;0.274353
AStar;24;164;0.301695
AStar;24;165;0.280322
AStar;24;166;0.284347
AStar;24;167;0.322709
AStar;24;168;0.283737
AStar;24;169;0.292319
AStar;24;170;0.312466
AStar;24;171;0.273874
AStar;24;172;0.314632
AStar;24;173;0.280985
AStar;24;174;0.283803
AStar;24;175;0.328708
AStar;24;176;0.289567
AStar;24;177;0.297851
AStar;24;178;0.470183
AStar;24;179;0.567276
AStar;24;180;0.354637
AStar;24;181;0.460191
AStar;24;182;0.354171
AStar;24;183;0.42047
AStar;24;184;0.395083
AStar;24;185;0.419322
AStar;24;186;0.315784
AStar;24;187;0.395513
AStar;24;188;0.375931
AStar;24;189;0.323947
AStar;24;190;0.415599
AStar;24;191;0.375524
AStar;24;192;0.37393
AStar;24;193;0.282176
AStar;24;194;0.425393
AStar;24;195;0.363925
AStar;24;196;0.370678
AStar;24;197;0.344562
AStar;24;198;0.291002
AStar;24;199;0.287427
AStar;24;200;0.320572
AStar;24;201;0.445172
AStar;24;202;0.299489
AStar;24;203;0.304379
AStar;24;204;0.28566
AStar;24;205;0.330569
AStar;24;206;0.292669
AStar;24;207;0.345265
AStar;24;208;0.310261
AStar;24;209;0.290496
AStar;24;210;0.308164
AStar;24;211;0.305697
AStar;24;212;0.31649
AStar;24;213;0.303058
AStar;24;214;0.285656
AStar;24;215;0.293939
AStar;24;216;0.29714
AStar;24;217;0.279859
AStar;24;218;0.356635
AStar;24;219;0.278655
AStar;24;220;0.36517
AStar;24;221;0.310183
AStar;24;222;0.299538
AStar;24;223;0.409738
AStar;24;224;0.290129
AStar;24;225;0.318489
AStar;24;226;0.330283
AStar;24;227;0.279521
AStar;24;228;0.379405
AStar;24;229;0.342685
AStar;24;230;0.331385
AStar;24;231;0.492991
AStar;24;232;0.406602
AStar;24;233;0.464507
AStar;24;234;0.437601
AStar;24;235;0.452391
AStar;24;236;0.359337
AStar;24;237;0.391393
AStar;24;238;0.339126
AStar;24;239;0.466409
AStar;24;23;0.13313
AStar;24;240;0.441736
AStar;24;241;0.350225
AStar;24;242;0.448203
AStar;24;243;0.4113
AStar;24;244;0.341713
AStar;24;245;0.43061
AStar;24;246;0.287313
AStar;24;247;0.321768
AStar;24;248;0.305139
AStar;24;249;0.298857
AStar;24;24;0.122446
AStar;24;250;0.296566
AStar;24;251;0.29452
AStar;24;252;0.31306
AStar;24;253;0.307569
AStar;24;254;0.311102
AStar;24;255;0.30822
AStar;24;256;0.299806
AStar;24;257;0.362378
AStar;24;258;0.312794
AStar;24;259;0.356453
AStar;24;25;0.119361
AStar;24;260;0.307465
AStar;24;261;0.349682
AStar;24;262;0.303703
AStar;24;263;0.314223
AStar;24;264;0.318231
AStar;24;265;0.296326
AStar;24;266;0.308163
AStar;24;267;0.338649
AStar;24;268;0.504471
AStar;24;269;0.323525
AStar;24;26;0.105035
AStar;24;270;0.363526
AStar;24;271;0.511063
AStar;24;272;0.524571
AStar;24;273;0.459549
AStar;24;274;0.487173
AStar;24;275;0.403302
AStar;24;276;0.394997
AStar;24;27;0.191236
AStar;24;28;0.147735
AStar;24;29;0.162901
AStar;24;30;0.229023
AStar;24;31;0.250421
AStar;24;32;0.232313
AStar;24;33;0.194316
AStar;24;34;0.212842
AStar;24;35;0.251495
AStar;24;36;0.167903
AStar;24;37;0.184345
AStar;24;38;0.181604
AStar;24;39;0.173253
AStar;24;40;0.17169
AStar;24;41;0.295277
AStar;24;42;0.272031
AStar;24;43;0.257249
AStar;24;44;0.25777
AStar;24;45;0.255438
AStar;24;46;0.255592
AStar;24;47;0.297849
AStar;24;48;0.215832
AStar;24;49;0.186684
AStar;24;50;0.229646
AStar;24;51;0.197982
AStar;24;52;0.218487
AStar;24;53;0.222894
AStar;24;54;0.219183
AStar;24;55;0.217418
AStar;24;56;0.21662
AStar;24;57;0.259366
AStar;24;58;0.218861
AStar;24;59;0.215643
AStar;24;60;0.21267
AStar;24;61;0.210995
AStar;24;62;0.22623
AStar;24;63;0.237231
AStar;24;64;0.221683
AStar;24;65;0.246208
AStar;24;66;0.275049
AStar;24;67;0.234527
AStar;24;68;0.231871
AStar;24;69;0.307846
AStar;24;70;0.238662
AStar;24;71;0.318005
AStar;24;72;0.234817
AStar;24;73;0.246159
AStar;24;74;0.244482
AStar;24;75;0.288614
AStar;24;76;0.257082
AStar;24;77;0.24858
AStar;24;78;0.29481
AStar;24;79;0.281287
AStar;24;80;0.452799
AStar;24;81;0.408985
AStar;24;82;0.501681
AStar;24;83;0.285869
AStar;24;84;0.373171
AStar;24;85;0.367212
AStar;24;86;0.373501
AStar;24;87;0.28876
AStar;24;88;0.331669
AStar;24;89;0.332226
AStar;24;90;0.268933
AStar;24;91;0.379343
AStar;24;92;0.322584
AStar;24;93;0.272729
AStar;24;94;0.30154
AStar;24;95;0.368424
AStar;24;96;0.355812
AStar;24;97;0.291753
AStar;24;98;0.294706
AStar;24;99;0.251063
AStar;25;100;0.331681
AStar;25;101;0.276786
AStar;25;102;0.2953
AStar;25;103;0.297617
AStar;25;104;0.288294
AStar;25;105;0.340172
AStar;25;106;0.303262
AStar;25;107;0.296724
AStar;25;108;0.334167
AStar;25;109;0.289294
AStar;25;110;0.291568
AStar;25;111;0.294861
AStar;25;112;0.281649
AStar;25;113;0.32088
AStar;25;114;0.302141
AStar;25;115;0.325953
AStar;25;116;0.297922
AStar;25;117;0.296643
AStar;25;118;0.349796
AStar;25;119;0.284605
AStar;25;120;0.31787
AStar;25;121;0.309629
AStar;25;122;0.348686
AStar;25;123;0.457456
AStar;25;124;0.317334
AStar;25;125;0.323449
AStar;25;126;0.46842
AStar;25;127;0.32684
AStar;25;128;0.297605
AStar;25;129;0.295772
AStar;25;130;0.353077
AStar;25;131;0.392117
AStar;25;132;0.294468
AStar;25;133;0.29105
AStar;25;134;0.293862
AStar;25;135;0.318454
AStar;25;136;0.499761
AStar;25;137;0.475627
AStar;25;138;0.467146
AStar;25;139;0.438481
AStar;25;140;0.410893
AStar;25;141;0.48555
AStar;25;142;0.323483
AStar;25;143;0.350718
AStar;25;144;0.365531
AStar;25;145;0.325694
AStar;25;146;0.449456
AStar;25;147;0.453849
AStar;25;148;0.456193
AStar;25;149;0.363876
AStar;25;150;0.370567
AStar;25;151;0.381931
AStar;25;152;0.426188
AStar;25;153;0.486677
AStar;25;154;0.379881
AStar;25;155;0.307414
AStar;25;156;0.376542
AStar;25;157;0.305301
AStar;25;158;0.29369
AStar;25;159;0.367448
AStar;25;160;0.311133
AStar;25;161;0.374026
AStar;25;162;0.308214
AStar;25;163;0.320708
AStar;25;164;0.320017
AStar;25;165;0.297064
AStar;25;166;0.369282
AStar;25;167;0.31546
AStar;25;168;0.303712
AStar;25;169;0.328446
AStar;25;170;0.322538
AStar;25;171;0.335782
AStar;25;172;0.322034
AStar;25;173;0.332332
AStar;25;174;0.322758
AStar;25;175;0.563522
AStar;25;176;0.409106
AStar;25;177;0.433111
AStar;25;178;0.499178
AStar;25;179;0.442743
AStar;25;180;0.36792
AStar;25;181;0.490575
AStar;25;182;0.402418
AStar;25;183;0.380487
AStar;25;184;0.496698
AStar;25;185;0.442322
AStar;25;186;0.359493
AStar;25;187;0.543453
AStar;25;188;0.333327
AStar;25;189;0.416725
AStar;25;190;0.423343
AStar;25;191;0.357932
AStar;25;192;0.326236
AStar;25;193;0.348601
AStar;25;194;0.306864
AStar;25;195;0.295218
AStar;25;196;0.356038
AStar;25;197;0.318474
AStar;25;198;0.325767
AStar;25;199;0.323368
AStar;25;200;0.329632
AStar;25;201;0.331586
AStar;25;202;0.326901
AStar;25;203;0.365942
AStar;25;204;0.320294
AStar;25;205;0.320416
AStar;25;206;0.322778
AStar;25;207;0.334743
AStar;25;208;0.35563
AStar;25;209;0.315784
AStar;25;210;0.338017
AStar;25;211;0.300127
AStar;25;212;0.304162
AStar;25;213;0.391942
AStar;25;214;0.408564
AStar;25;215;0.536678
AStar;25;216;0.421419
AStar;25;217;0.491321
AStar;25;218;0.458324
AStar;25;219;0.38545
AStar;25;220;0.462464
AStar;25;221;0.53346
AStar;25;222;0.352043
AStar;25;223;0.423434
AStar;25;224;0.365964
AStar;25;225;0.348879
AStar;25;226;0.391264
AStar;25;227;0.510175
AStar;25;228;0.412349
AStar;25;229;0.484749
AStar;25;230;0.392676
AStar;25;231;0.3586
AStar;25;232;0.520046
AStar;25;233;0.516287
AStar;25;234;0.463831
AStar;25;235;0.376553
AStar;25;236;0.373283
AStar;25;237;0.35529
AStar;25;238;0.332037
AStar;25;239;0.313929
AStar;25;240;0.359695
AStar;25;241;0.321953
AStar;25;242;0.371113
AStar;25;243;0.343336
AStar;25;244;0.401306
AStar;25;245;0.333137
AStar;25;246;0.342253
AStar;25;247;0.354385
AStar;25;248;0.346553
AStar;25;249;0.391573
AStar;25;24;0.0913947
AStar;25;250;0.353733
AStar;25;251;0.350899
AStar;25;252;0.324342
AStar;25;253;0.368252
AStar;25;254;0.484703
AStar;25;255;0.5109
AStar;25;256;0.614597
AStar;25;257;0.444692
AStar;25;258;0.356007
AStar;25;259;0.337875
AStar;25;25;0.0931521
AStar;25;260;0.604787
AStar;25;261;0.538266
AStar;25;262;0.522624
AStar;25;263;0.438614
AStar;25;264;0.412682
AStar;25;265;0.432609
AStar;25;266;0.51015
AStar;25;267;0.343815
AStar;25;268;0.481837
AStar;25;269;0.468658
AStar;25;26;0.159801
AStar;25;270;0.363066
AStar;25;271;0.474753
AStar;25;272;0.33748
AStar;25;273;0.337019
AStar;25;274;0.383994
AStar;25;275;0.344036
AStar;25;276;0.35725
AStar;25;277;0.343219
AStar;25;278;0.355023
AStar;25;279;0.354494
AStar;25;27;0.122878
AStar;25;280;0.396685
AStar;25;281;0.358493
AStar;25;282;0.348102
AStar;25;283;0.357578
AStar;25;284;0.356061
AStar;25;285;0.38429
AStar;25;286;0.359733
AStar;25;287;0.376926
AStar;25;288;0.366767
AStar;25;289;0.337505
AStar;25;28;0.145798
AStar;25;290;0.428351
AStar;25;291;0.757136
AStar;25;292;0.524713
AStar;25;293;0.439913
AStar;25;294;0.510709
AStar;25;295;0.50204
AStar;25;296;0.363623
AStar;25;297;0.365941
AStar;25;298;0.37216
AStar;25;299;0.461651
AStar;25;29;0.211424
AStar;25;300;0.533408
AStar;25;30;0.186046
AStar;25;31;0.158552
AStar;25;32;0.235586
AStar;25;33;0.267775
AStar;25;34;0.209609
AStar;25;35;0.184906
AStar;25;36;0.229964
AStar;25;37;0.249429
AStar;25;38;0.315871
AStar;25;39;0.195792
AStar;25;40;0.189521
AStar;25;41;0.198542
AStar;25;42;0.210694
AStar;25;43;0.211754
AStar;25;44;0.209506
AStar;25;45;0.274037
AStar;25;46;0.229653
AStar;25;47;0.204725
AStar;25;48;0.244137
AStar;25;49;0.240022
AStar;25;50;0.239233
AStar;25;51;0.269239
AStar;25;52;0.219905
AStar;25;53;0.230719
AStar;25;54;0.270401
AStar;25;55;0.246528
AStar;25;56;0.255303
AStar;25;57;0.286894
AStar;25;58;0.240574
AStar;25;59;0.264592
AStar;25;60;0.281774
AStar;25;61;0.270423
AStar;25;62;0.267309
AStar;25;63;0.285534
AStar;25;64;0.253735
AStar;25;65;0.266151
AStar;25;66;0.304387
AStar;25;67;0.350987
AStar;25;68;0.365684
AStar;25;69;0.264571
AStar;25;70;0.26939
AStar;25;71;0.395168
AStar;25;72;0.299068
AStar;25;73;0.285999
AStar;25;74;0.276738
AStar;25;75;0.307174
AStar;25;76;0.290207
AStar;25;77;0.305428
AStar;25;78;0.294827
AStar;25;79;0.267749
AStar;25;80;0.344621
AStar;25;81;0.347615
AStar;25;82;0.281826
AStar;25;83;0.292758
AStar;25;84;0.27268
AStar;25;85;0.310076
AStar;25;86;0.308104
AStar;25;87;0.302016
AStar;25;88;0.277581
AStar;25;89;0.273677
AStar;25;90;0.294705
AStar;25;91;0.369941
AStar;25;92;0.298659
AStar;25;93;0.289224
AStar;25;94;0.303578
AStar;25;95;0.355302
AStar;25;96;0.309111
AStar;25;97;0.311706
AStar;25;98;0.274965
AStar;25;99;0.291388
AStar;26;100;0.418479
AStar;26;101;0.383355
AStar;26;102;0.316507
AStar;26;103;0.301025
AStar;26;104;0.301475
AStar;26;105;0.376072
AStar;26;106;0.403449
AStar;26;107;0.335278
AStar;26;108;0.289404
AStar;26;109;0.421903
AStar;26;110;0.383587
AStar;26;111;0.326057
AStar;26;112;0.320207
AStar;26;113;0.321668
AStar;26;114;0.39149
AStar;26;115;0.333935
AStar;26;116;0.325992
AStar;26;117;0.337133
AStar;26;118;0.410055
AStar;26;119;0.37371
AStar;26;120;0.333711
AStar;26;121;0.324937
AStar;26;122;0.370863
AStar;26;123;0.497973
AStar;26;124;0.546421
AStar;26;125;0.508802
AStar;26;126;0.399871
AStar;26;127;0.481786
AStar;26;128;0.53493
AStar;26;129;0.399494
AStar;26;130;0.43789
AStar;26;131;0.492952
AStar;26;132;0.372521
AStar;26;133;0.522386
AStar;26;134;0.348008
AStar;26;135;0.370508
AStar;26;136;0.328803
AStar;26;137;0.47666
AStar;26;138;0.351057
AStar;26;139;0.519069
AStar;26;140;0.510093
AStar;26;141;0.353242
AStar;26;142;0.416254
AStar;26;143;0.361323
AStar;26;144;0.325413
AStar;26;145;0.349787
AStar;26;146;0.330731
AStar;26;147;0.377909
AStar;26;148;0.338894
AStar;26;149;0.356813
AStar;26;150;0.33646
AStar;26;151;0.320398
AStar;26;152;0.354163
AStar;26;153;0.333242
AStar;26;154;0.345827
AStar;26;155;0.341826
AStar;26;156;0.39128
AStar;26;157;0.508486
AStar;26;158;0.426137
AStar;26;159;0.479679
AStar;26;160;0.412719
AStar;26;161;0.437824
AStar;26;162;0.499657
AStar;26;163;0.496802
AStar;26;164;0.453348
AStar;26;165;0.457645
AStar;26;166;0.474679
AStar;26;167;0.367571
AStar;26;168;0.453131
AStar;26;169;0.555251
AStar;26;170;0.406861
AStar;26;171;0.389897
AStar;26;172;0.383991
AStar;26;173;0.354068
AStar;26;174;0.552574
AStar;26;175;0.502803
AStar;26;176;0.340861
AStar;26;177;0.47611
AStar;26;178;0.489761
AStar;26;179;0.43199
AStar;26;180;0.521909
AStar;26;181;0.366752
AStar;26;182;0.349493
AStar;26;183;0.349886
AStar;26;184;0.343867
AStar;26;185;0.353026
AStar;26;186;0.356866
AStar;26;187;0.351084
AStar;26;188;0.356837
AStar;26;189;0.357783
AStar;26;190;0.40718
AStar;26;191;0.335729
AStar;26;192;0.367125
AStar;26;193;0.351044
AStar;26;194;0.379154
AStar;26;195;0.36131
AStar;26;196;0.365004
AStar;26;197;0.371766
AStar;26;198;0.342489
AStar;26;199;0.356173
AStar;26;200;0.362484
AStar;26;201;0.601449
AStar;26;202;0.504735
AStar;26;203;0.470656
AStar;26;204;0.54567
AStar;26;205;0.538147
AStar;26;206;0.351342
AStar;26;207;0.381849
AStar;26;208;0.394306
AStar;26;209;0.417979
AStar;26;210;0.498606
AStar;26;211;0.587842
AStar;26;212;0.452385
AStar;26;213;0.474762
AStar;26;214;0.371054
AStar;26;215;0.481618
AStar;26;216;0.511413
AStar;26;217;0.40462
AStar;26;218;0.470322
AStar;26;219;0.34803
AStar;26;220;0.393692
AStar;26;221;0.343297
AStar;26;222;0.352369
AStar;26;223;0.423434
AStar;26;224;0.370094
AStar;26;225;0.408114
AStar;26;226;0.358764
AStar;26;227;0.382008
AStar;26;228;0.364671
AStar;26;229;0.386288
AStar;26;230;0.367913
AStar;26;231;0.400536
AStar;26;232;0.365242
AStar;26;233;0.380593
AStar;26;234;0.367859
AStar;26;235;0.392828
AStar;26;236;0.359952
AStar;26;237;0.351632
AStar;26;238;0.472291
AStar;26;239;0.49244
AStar;26;240;0.420722
AStar;26;241;0.418001
AStar;26;242;0.4888
AStar;26;243;0.531073
AStar;26;244;0.377826
AStar;26;245;0.400132
AStar;26;246;0.440476
AStar;26;247;0.40339
AStar;26;248;0.562768
AStar;26;249;0.517726
AStar;26;250;0.454677
AStar;26;251;0.462216
AStar;26;252;0.473876
AStar;26;253;0.418695
AStar;26;254;0.543439
AStar;26;255;0.52925
AStar;26;256;0.455598
AStar;26;257;0.399927
AStar;26;258;0.375536
AStar;26;259;0.386641
AStar;26;25;0.0994973
AStar;26;260;0.351645
AStar;26;261;0.388369
AStar;26;262;0.35931
AStar;26;263;0.420842
AStar;26;264;0.378289
AStar;26;265;0.425714
AStar;26;266;0.37219
AStar;26;267;0.376577
AStar;26;268;0.381775
AStar;26;269;0.392958
AStar;26;26;0.120093
AStar;26;270;0.377415
AStar;26;271;0.395423
AStar;26;272;0.389482
AStar;26;273;0.411729
AStar;26;274;0.379193
AStar;26;275;0.466486
AStar;26;276;0.772444
AStar;26;277;0.40426
AStar;26;278;0.608739
AStar;26;279;0.733007
AStar;26;27;0.205788
AStar;26;280;0.420988
AStar;26;281;0.529958
AStar;26;282;0.367874
AStar;26;283;0.518265
AStar;26;284;0.605816
AStar;26;285;0.388527
AStar;26;286;0.577403
AStar;26;287;0.490248
AStar;26;288;0.563906
AStar;26;289;0.385262
AStar;26;28;0.122705
AStar;26;290;0.406884
AStar;26;291;0.376488
AStar;26;292;0.425444
AStar;26;293;0.377045
AStar;26;294;0.407724
AStar;26;295;0.359239
AStar;26;296;0.384635
AStar;26;297;0.381437
AStar;26;298;0.3787
AStar;26;299;0.41192
AStar;26;29;0.15025
AStar;26;300;0.417952
AStar;26;301;0.379168
AStar;26;302;0.42176
AStar;26;303;0.386311
AStar;26;304;0.40582
AStar;26;305;0.369001
AStar;26;306;0.399447
AStar;26;307;0.40228
AStar;26;308;0.378144
AStar;26;309;0.402924
AStar;26;30;0.318726
AStar;26;310;0.670086
AStar;26;311;0.581321
AStar;26;312;0.523836
AStar;26;313;0.570838
AStar;26;314;0.547428
AStar;26;315;0.47394
AStar;26;316;0.508608
AStar;26;317;0.524291
AStar;26;318;0.399018
AStar;26;319;0.59793
AStar;26;31;0.245708
AStar;26;320;0.404584
AStar;26;321;0.523192
AStar;26;322;0.502709
AStar;26;323;0.48279
AStar;26;324;0.501451
AStar;26;325;0.40896
AStar;26;32;0.161856
AStar;26;33;0.166673
AStar;26;34;0.216562
AStar;26;35;0.191117
AStar;26;36;0.218768
AStar;26;37;0.19559
AStar;26;38;0.244585
AStar;26;39;0.192518
AStar;26;40;0.210617
AStar;26;41;0.371923
AStar;26;42;0.203789
AStar;26;43;0.218938
AStar;26;44;0.257282
AStar;26;45;0.207519
AStar;26;46;0.23521
AStar;26;47;0.275504
AStar;26;48;0.255779
AStar;26;49;0.252563
AStar;26;50;0.292784
AStar;26;51;0.26186
AStar;26;52;0.289446
AStar;26;53;0.26828
AStar;26;54;0.262496
AStar;26;55;0.266136
AStar;26;56;0.267654
AStar;26;57;0.248911
AStar;26;58;0.318434
AStar;26;59;0.283003
AStar;26;60;0.27767
AStar;26;61;0.319528
AStar;26;62;0.296444
AStar;26;63;0.283322
AStar;26;64;0.251337
AStar;26;65;0.28122
AStar;26;66;0.322559
AStar;26;67;0.281334
AStar;26;68;0.268726
AStar;26;69;0.53763
AStar;26;70;0.578517
AStar;26;71;0.435285
AStar;26;72;0.28844
AStar;26;73;0.350873
AStar;26;74;0.297535
AStar;26;75;0.300235
AStar;26;76;0.381281
AStar;26;77;0.288315
AStar;26;78;0.3156
AStar;26;79;0.312052
AStar;26;80;0.314497
AStar;26;81;0.351308
AStar;26;82;0.318294
AStar;26;83;0.331977
AStar;26;84;0.490609
AStar;26;85;0.6995
AStar;26;86;0.434085
AStar;26;87;0.443153
AStar;26;88;0.411145
AStar;26;89;0.421671
AStar;26;90;0.432996
AStar;26;91;0.416959
AStar;26;92;0.350773
AStar;26;93;0.439378
AStar;26;94;0.344337
AStar;26;95;0.31944
AStar;26;96;0.34151
AStar;26;97;0.500953
AStar;26;98;0.406712
AStar;26;99;0.414711
AStar;27;100;0.392791
AStar;27;101;0.424824
AStar;27;102;0.488887
AStar;27;103;0.479689
AStar;27;104;0.425469
AStar;27;105;0.511854
AStar;27;106;0.534319
AStar;27;107;0.387453
AStar;27;108;0.372637
AStar;27;109;0.360255
AStar;27;110;0.355909
AStar;27;111;0.345331
AStar;27;112;0.408952
AStar;27;113;0.34396
AStar;27;114;0.403962
AStar;27;115;0.370684
AStar;27;116;0.3974
AStar;27;117;0.353501
AStar;27;118;0.368665
AStar;27;119;0.378648
AStar;27;120;0.374905
AStar;27;121;0.375583
AStar;27;122;0.365542
AStar;27;123;0.372386
AStar;27;124;0.384377
AStar;27;125;0.423947
AStar;27;126;0.575941
AStar;27;127;0.568656
AStar;27;128;0.493105
AStar;27;129;0.491363
AStar;27;130;0.550898
AStar;27;131;0.478796
AStar;27;132;0.466654
AStar;27;133;0.45604
AStar;27;134;0.504985
AStar;27;135;0.423917
AStar;27;136;0.36157
AStar;27;137;0.379863
AStar;27;138;0.554982
AStar;27;139;0.565151
AStar;27;140;0.488388
AStar;27;141;0.524982
AStar;27;142;0.437311
AStar;27;143;0.360561
AStar;27;144;0.450266
AStar;27;145;0.381417
AStar;27;146;0.433914
AStar;27;147;0.370346
AStar;27;148;0.391394
AStar;27;149;0.35509
AStar;27;150;0.405585
AStar;27;151;0.393345
AStar;27;152;0.41729
AStar;27;153;0.365605
AStar;27;154;0.398363
AStar;27;155;0.390748
AStar;27;156;0.392463
AStar;27;157;0.40264
AStar;27;158;0.422599
AStar;27;159;0.391816
AStar;27;160;0.473996
AStar;27;161;0.678399
AStar;27;162;0.501917
AStar;27;163;0.488619
AStar;27;164;0.565376
AStar;27;165;0.514045
AStar;27;166;0.452003
AStar;27;167;0.50178
AStar;27;168;0.523973
AStar;27;169;0.497949
AStar;27;170;0.47116
AStar;27;171;0.618147
AStar;27;172;0.444009
AStar;27;173;0.552889
AStar;27;174;0.415758
AStar;27;175;0.562959
AStar;27;176;0.354957
AStar;27;177;0.402955
AStar;27;178;0.38703
AStar;27;179;0.39206
AStar;27;180;0.369149
AStar;27;181;0.446644
AStar;27;182;0.379287
AStar;27;183;0.399985
AStar;27;184;0.38123
AStar;27;185;0.420139
AStar;27;186;0.384771
AStar;27;187;0.428181
AStar;27;188;0.399129
AStar;27;189;0.424087
AStar;27;190;0.368032
AStar;27;191;0.437763
AStar;27;192;0.379769
AStar;27;193;0.412289
AStar;27;194;0.396243
AStar;27;195;0.401156
AStar;27;196;0.507524
AStar;27;197;0.642493
AStar;27;198;0.60737
AStar;27;199;0.518671
AStar;27;200;0.526241
AStar;27;201;0.513167
AStar;27;202;0.454259
AStar;27;203;0.562131
AStar;27;204;0.429625
AStar;27;205;0.373134
AStar;27;206;0.404506
AStar;27;207;0.493586
AStar;27;208;0.61717
AStar;27;209;0.419787
AStar;27;210;0.54225
AStar;27;211;0.455975
AStar;27;212;0.613365
AStar;27;213;0.443113
AStar;27;214;0.393547
AStar;27;215;0.411872
AStar;27;216;0.415965
AStar;27;217;0.458759
AStar;27;218;0.396514
AStar;27;219;0.435706
AStar;27;220;0.383329
AStar;27;221;0.431338
AStar;27;222;0.385723
AStar;27;223;0.431559
AStar;27;224;0.394017
AStar;27;225;0.440152
AStar;27;226;0.380693
AStar;27;227;0.429347
AStar;27;228;0.408695
AStar;27;229;0.447586
AStar;27;230;0.609535
AStar;27;231;0.665443
AStar;27;232;0.634822
AStar;27;233;0.46676
AStar;27;234;0.550398
AStar;27;235;0.493026
AStar;27;236;0.465004
AStar;27;237;0.395052
AStar;27;238;0.464167
AStar;27;239;0.573513
AStar;27;240;0.511882
AStar;27;241;0.592988
AStar;27;242;0.489724
AStar;27;243;0.507288
AStar;27;244;0.556373
AStar;27;245;0.417987
AStar;27;246;0.384579
AStar;27;247;0.489992
AStar;27;248;0.446632
AStar;27;249;0.403225
AStar;27;250;0.405588
AStar;27;251;0.382832
AStar;27;252;0.454897
AStar;27;253;0.433609
AStar;27;254;0.439805
AStar;27;255;0.408962
AStar;27;256;0.430479
AStar;27;257;0.415276
AStar;27;258;0.424899
AStar;27;259;0.398091
AStar;27;260;0.450284
AStar;27;261;0.419836
AStar;27;262;0.442042
AStar;27;263;0.458904
AStar;27;264;0.585648
AStar;27;265;0.607141
AStar;27;266;0.535678
AStar;27;267;0.781143
AStar;27;268;0.435203
AStar;27;269;0.620011
AStar;27;26;0.165016
AStar;27;270;0.47756
AStar;27;271;0.640509
AStar;27;272;0.465409
AStar;27;273;0.52428
AStar;27;274;0.572967
AStar;27;275;0.526979
AStar;27;276;0.449586
AStar;27;277;0.428543
AStar;27;278;0.415575
AStar;27;279;0.435235
AStar;27;27;0.129853
AStar;27;280;0.45878
AStar;27;281;0.428187
AStar;27;282;0.43761
AStar;27;283;0.42151
AStar;27;284;0.417374
AStar;27;285;0.400899
AStar;27;286;0.463919
AStar;27;287;0.421594
AStar;27;288;0.431294
AStar;27;289;0.397573
AStar;27;28;0.192457
AStar;27;290;0.399412
AStar;27;291;0.439342
AStar;27;292;0.42045
AStar;27;293;0.439004
AStar;27;294;0.407244
AStar;27;295;0.611053
AStar;27;296;0.718771
AStar;27;297;0.554476
AStar;27;298;0.664
AStar;27;299;0.501866
AStar;27;29;0.232456
AStar;27;300;0.516843
AStar;27;301;0.564872
AStar;27;302;0.60742
AStar;27;303;0.509967
AStar;27;304;0.558068
AStar;27;305;0.431397
AStar;27;306;0.658988
AStar;27;307;0.480353
AStar;27;308;0.433015
AStar;27;309;0.442804
AStar;27;30;0.176369
AStar;27;310;0.412896
AStar;27;311;0.50555
AStar;27;312;0.4213
AStar;27;313;0.47959
AStar;27;314;0.445385
AStar;27;315;0.420072
AStar;27;316;0.439159
AStar;27;317;0.439735
AStar;27;318;0.450719
AStar;27;319;0.414824
AStar;27;31;0.191179
AStar;27;320;0.41353
AStar;27;321;0.473176
AStar;27;322;0.388603
AStar;27;323;0.47967
AStar;27;324;0.420252
AStar;27;325;0.441207
AStar;27;326;0.430961
AStar;27;327;0.788426
AStar;27;328;0.6621
AStar;27;329;0.581846
AStar;27;32;0.286739
AStar;27;330;0.680233
AStar;27;331;0.47
AStar;27;332;0.574454
AStar;27;333;0.43712
AStar;27;334;0.419817
AStar;27;335;0.670834
AStar;27;336;0.469371
AStar;27;337;0.656706
AStar;27;338;0.510628
AStar;27;339;0.521717
AStar;27;33;0.302449
AStar;27;340;0.561053
AStar;27;341;0.451307
AStar;27;342;0.560062
AStar;27;343;0.432086
AStar;27;344;0.471627
AStar;27;345;0.419697
AStar;27;346;0.452927
AStar;27;347;0.427892
AStar;27;348;0.463004
AStar;27;349;0.432824
AStar;27;34;0.211274
AStar;27;350;0.434613
AStar;27;351;0.489907
AStar;27;35;0.215077
AStar;27;36;0.252143
AStar;27;37;0.193706
AStar;27;38;0.206304
AStar;27;39;0.225501
AStar;27;40;0.260563
AStar;27;41;0.235288
AStar;27;42;0.22012
AStar;27;43;0.256697
AStar;27;44;0.252169
AStar;27;45;0.24614
AStar;27;46;0.299884
AStar;27;47;0.434381
AStar;27;48;0.456609
AStar;27;49;0.497079
AStar;27;50;0.624801
AStar;27;51;0.487242
AStar;27;52;0.404135
AStar;27;53;0.341163
AStar;27;54;0.273279
AStar;27;55;0.286659
AStar;27;56;0.393959
AStar;27;57;0.458675
AStar;27;58;0.365035
AStar;27;59;0.445253
AStar;27;60;0.341881
AStar;27;61;0.480413
AStar;27;62;0.292553
AStar;27;63;0.375669
AStar;27;64;0.422926
AStar;27;65;0.387512
AStar;27;66;0.33576
AStar;27;67;0.388073
AStar;27;68;0.307143
AStar;27;69;0.320945
AStar;27;70;0.360945
AStar;27;71;0.306396
AStar;27;72;0.371671
AStar;27;73;0.335121
AStar;27;74;0.309501
AStar;27;75;0.388523
AStar;27;76;0.348244
AStar;27;77;0.336656
AStar;27;78;0.347232
AStar;27;79;0.366276
AStar;27;80;0.332791
AStar;27;81;0.359691
AStar;27;82;0.345754
AStar;27;83;0.334942
AStar;27;84;0.360436
AStar;27;85;0.365829
AStar;27;86;0.354565
AStar;27;87;0.336768
AStar;27;88;0.337724
AStar;27;89;0.461035
AStar;27;90;0.574324
AStar;27;91;0.426368
AStar;27;92;0.572667
AStar;27;93;0.508167
AStar;27;94;0.427467
AStar;27;95;0.477515
AStar;27;96;0.450138
AStar;27;97;0.399377
AStar;27;98;0.434822
AStar;27;99;0.428653
AStar;28;100;0.43378
AStar;28;101;0.358496
AStar;28;102;0.525292
AStar;28;103;0.485175
AStar;28;104;0.484403
AStar;28;105;0.505157
AStar;28;106;0.489901
AStar;28;107;0.519204
AStar;28;108;0.487509
AStar;28;109;0.520459
AStar;28;110;0.436968
AStar;28;111;0.422161
AStar;28;112;0.375963
AStar;28;113;0.408302
AStar;28;114;0.397128
AStar;28;115;0.489216
AStar;28;116;0.366002
AStar;28;117;0.459009
AStar;28;118;0.408655
AStar;28;119;0.410355
AStar;28;120;0.395864
AStar;28;121;0.425781
AStar;28;122;0.404088
AStar;28;123;0.425206
AStar;28;124;0.408555
AStar;28;125;0.407904
AStar;28;126;0.390001
AStar;28;127;0.439062
AStar;28;128;0.410272
AStar;28;129;0.500916
AStar;28;130;0.973268
AStar;28;131;0.45741
AStar;28;132;0.630764
AStar;28;133;0.580097
AStar;28;134;0.574774
AStar;28;135;0.415186
AStar;28;136;0.408093
AStar;28;137;0.476467
AStar;28;138;0.580398
AStar;28;139;0.577904
AStar;28;140;0.448589
AStar;28;141;0.572832
AStar;28;142;0.562917
AStar;28;143;0.435679
AStar;28;144;0.575291
AStar;28;145;0.524424
AStar;28;146;0.523348
AStar;28;147;0.533944
AStar;28;148;0.448299
AStar;28;149;0.513187
AStar;28;150;0.425931
AStar;28;151;0.42799
AStar;28;152;0.42432
AStar;28;153;0.43956
AStar;28;154;0.395408
AStar;28;155;0.433552
AStar;28;156;0.441429
AStar;28;157;0.442376
AStar;28;158;0.428919
AStar;28;159;0.461577
AStar;28;160;0.414699
AStar;28;161;0.450605
AStar;28;162;0.415581
AStar;28;163;0.430104
AStar;28;164;0.435315
AStar;28;165;0.454936
AStar;28;166;0.41423
AStar;28;167;0.677523
AStar;28;168;0.607914
AStar;28;169;0.593063
AStar;28;170;0.601186
AStar;28;171;0.546249
AStar;28;172;0.45996
AStar;28;173;0.472327
AStar;28;174;0.451049
AStar;28;175;0.474117
AStar;28;176;0.614055
AStar;28;177;0.508672
AStar;28;178;0.574478
AStar;28;179;0.527377
AStar;28;180;0.574519
AStar;28;181;0.548597
AStar;28;182;0.497381
AStar;28;183;0.636337
AStar;28;184;0.433017
AStar;28;185;0.424044
AStar;28;186;0.418642
AStar;28;187;0.460801
AStar;28;188;0.415347
AStar;28;189;0.533141
AStar;28;190;0.410889
AStar;28;191;0.459114
AStar;28;192;0.41401
AStar;28;193;0.420679
AStar;28;194;0.424804
AStar;28;195;0.484241
AStar;28;196;0.439409
AStar;28;197;0.470353
AStar;28;198;0.436429
AStar;28;199;0.449791
AStar;28;200;0.422907
AStar;28;201;0.445881
AStar;28;202;0.549168
AStar;28;203;0.889218
AStar;28;204;0.603096
AStar;28;205;0.67093
AStar;28;206;0.597679
AStar;28;207;0.589393
AStar;28;208;0.524982
AStar;28;209;0.581759
AStar;28;210;0.466344
AStar;28;211;0.455086
AStar;28;212;0.411205
AStar;28;213;0.488072
AStar;28;214;0.629816
AStar;28;215;0.597103
AStar;28;216;0.431308
AStar;28;217;0.600917
AStar;28;218;0.600973
AStar;28;219;0.480506
AStar;28;220;0.591485
AStar;28;221;0.465365
AStar;28;222;0.44198
AStar;28;223;0.439949
AStar;28;224;0.430355
AStar;28;225;0.433845
AStar;28;226;0.438865
AStar;28;227;0.463135
AStar;28;228;0.446946
AStar;28;229;0.425214
AStar;28;230;0.461621
AStar;28;231;0.445367
AStar;28;232;0.447995
AStar;28;233;0.403321
AStar;28;234;0.428461
AStar;28;235;0.42588
AStar;28;236;0.458839
AStar;28;237;0.477673
AStar;28;238;0.448031
AStar;28;239;0.613584
AStar;28;240;0.432545
AStar;28;241;0.476494
AStar;28;242;0.576034
AStar;28;243;0.667041
AStar;28;244;0.581368
AStar;28;245;0.65739
AStar;28;246;0.610156
AStar;28;247;0.552085
AStar;28;248;0.573295
AStar;28;249;0.520325
AStar;28;250;0.606494
AStar;28;251;0.679899
AStar;28;252;0.578777
AStar;28;253;0.668326
AStar;28;254;0.483521
AStar;28;255;0.667449
AStar;28;256;0.547948
AStar;28;257;0.458138
AStar;28;258;0.450974
AStar;28;259;0.444309
AStar;28;260;0.456843
AStar;28;261;0.440522
AStar;28;262;0.466906
AStar;28;263;0.446259
AStar;28;264;0.479872
AStar;28;265;0.422932
AStar;28;266;0.468765
AStar;28;267;0.452566
AStar;28;268;0.440995
AStar;28;269;0.45655
AStar;28;270;0.436713
AStar;28;271;0.427605
AStar;28;272;0.42724
AStar;28;273;0.492027
AStar;28;274;0.475319
AStar;28;275;0.488325
AStar;28;276;0.442535
AStar;28;277;0.669302
AStar;28;278;0.44518
AStar;28;279;0.426565
AStar;28;27;0.147758
AStar;28;280;0.706654
AStar;28;281;0.639808
AStar;28;282;0.649355
AStar;28;283;0.592641
AStar;28;284;0.563527
AStar;28;285;0.592784
AStar;28;286;0.503498
AStar;28;287;0.627233
AStar;28;288;0.581523
AStar;28;289;0.573572
AStar;28;28;0.174964
AStar;28;290;0.593121
AStar;28;291;0.530286
AStar;28;292;0.601624
AStar;28;293;0.553112
AStar;28;294;0.463892
AStar;28;295;0.431068
AStar;28;296;0.45516
AStar;28;297;0.454543
AStar;28;298;0.452466
AStar;28;299;0.462614
AStar;28;29;0.144583
AStar;28;300;0.527276
AStar;28;301;0.422292
AStar;28;302;0.481252
AStar;28;303;0.445126
AStar;28;304;0.474933
AStar;28;305;0.470406
AStar;28;306;0.450994
AStar;28;307;0.464201
AStar;28;308;0.463419
AStar;28;309;0.461111
AStar;28;30;0.230047
AStar;28;310;0.454
AStar;28;311;0.462771
AStar;28;312;0.459706
AStar;28;313;0.571133
AStar;28;314;0.50801
AStar;28;315;0.454362
AStar;28;316;0.646922
AStar;28;317;0.445809
AStar;28;318;0.452631
AStar;28;319;0.578201
AStar;28;31;0.184479
AStar;28;320;0.57009
AStar;28;321;0.570424
AStar;28;322;0.665832
AStar;28;323;0.716609
AStar;28;324;0.4863
AStar;28;325;0.672075
AStar;28;326;0.504335
AStar;28;327;0.647624
AStar;28;328;0.514951
AStar;28;329;0.70108
AStar;28;32;0.287687
AStar;28;330;0.532066
AStar;28;331;0.683072
AStar;28;332;0.44031
AStar;28;333;0.504975
AStar;28;334;0.481004
AStar;28;335;0.473789
AStar;28;336;0.441683
AStar;28;337;0.473988
AStar;28;338;0.485199
AStar;28;339;0.460155
AStar;28;33;0.217526
AStar;28;340;0.45713
AStar;28;341;0.453814
AStar;28;342;0.455617
AStar;28;343;0.4641
AStar;28;344;0.483975
AStar;28;345;0.520811
AStar;28;346;0.476074
AStar;28;347;0.476296
AStar;28;348;0.506954
AStar;28;349;0.458106
AStar;28;34;0.256347
AStar;28;350;0.567654
AStar;28;351;0.663236
AStar;28;352;0.691648
AStar;28;353;0.709208
AStar;28;354;0.653088
AStar;28;355;0.554622
AStar;28;356;0.560325
AStar;28;357;0.436027
AStar;28;358;0.5765
AStar;28;359;0.744026
AStar;28;35;0.286877
AStar;28;360;0.608152
AStar;28;361;0.541846
AStar;28;362;0.587948
AStar;28;363;0.66
AStar;28;364;0.610905
AStar;28;365;0.570422
AStar;28;366;0.497366
AStar;28;367;0.473877
AStar;28;368;0.471653
AStar;28;369;0.473967
AStar;28;36;0.204234
AStar;28;370;0.491237
AStar;28;371;0.469812
AStar;28;372;0.467321
AStar;28;373;0.467689
AStar;28;374;0.495818
AStar;28;375;0.447548
AStar;28;376;0.482117
AStar;28;377;0.47644
AStar;28;378;0.532526
AStar;28;37;0.229392
AStar;28;38;0.241015
AStar;28;39;0.251505
AStar;28;40;0.265938
AStar;28;41;0.288825
AStar;28;42;0.236621
AStar;28;43;1.11579
AStar;28;44;0.418505
AStar;28;45;0.285529
AStar;28;46;0.322039
AStar;28;47;0.27219
AStar;28;48;0.29634
AStar;28;49;0.336366
AStar;28;50;0.288469
AStar;28;51;0.292706
AStar;28;52;0.327677
AStar;28;53;0.324762
AStar;28;54;0.351083
AStar;28;55;0.283595
AStar;28;56;0.327572
AStar;28;57;0.319956
AStar;28;58;0.354606
AStar;28;59;0.34658
AStar;28;60;0.293628
AStar;28;61;0.339628
AStar;28;62;0.294412
AStar;28;63;0.326177
AStar;28;64;0.351297
AStar;28;65;0.496447
AStar;28;66;0.787534
AStar;28;67;0.480894
AStar;28;68;0.454665
AStar;28;69;0.521611
AStar;28;70;0.358599
AStar;28;71;0.390306
AStar;28;72;0.329247
AStar;28;73;0.363518
AStar;28;74;0.455746
AStar;28;75;0.518708
AStar;28;76;0.523278
AStar;28;77;0.387944
AStar;28;78;0.529228
AStar;28;79;0.495576
AStar;28;80;0.401311
AStar;28;81;0.520385
AStar;28;82;0.481608
AStar;28;83;0.454665
AStar;28;84;0.548428
AStar;28;85;0.442834
AStar;28;86;0.391839
AStar;28;87;0.378626
AStar;28;88;0.38014
AStar;28;89;0.416834
AStar;28;90;0.372389
AStar;28;91;0.393141
AStar;28;92;0.366701
AStar;28;93;0.455829
AStar;28;94;0.392387
AStar;28;95;0.414638
AStar;28;96;0.403662
AStar;28;97;0.427216
AStar;28;98;0.384945
AStar;28;99;0.392409
AStar;29;100;0.411547
AStar;29;101;0.446889
AStar;29;102;0.422848
AStar;29;103;0.497016
AStar;29;104;0.714276
AStar;29;105;0.59282
AStar;29;106;0.586994
AStar;29;107;0.583648
AStar;29;108;0.501697
AStar;29;109;0.410422
AStar;29;110;0.432337
AStar;29;111;0.692576
AStar;29;112;0.657928
AStar;29;113;0.496146
AStar;29;114;0.646453
AStar;29;115;0.554756
AStar;29;116;0.528583
AStar;29;117;0.551918
AStar;29;118;0.564733
AStar;29;119;0.53437
AStar;29;120;0.535268
AStar;29;121;0.48382
AStar;29;122;0.417016
AStar;29;123;0.475961
AStar;29;124;0.442848
AStar;29;125;0.447768
AStar;29;126;0.509487
AStar;29;127;0.473728
AStar;29;128;0.437643
AStar;29;129;0.494643
AStar;29;130;0.451598
AStar;29;131;0.469032
AStar;29;132;0.482762
AStar;29;133;0.423099
AStar;29;134;0.478346
AStar;29;135;0.441464
AStar;29;136;0.44818
AStar;29;137;0.70793
AStar;29;138;0.463562
AStar;29;139;0.454247
AStar;29;140;0.58212
AStar;29;141;0.469734
AStar;29;142;0.401824
AStar;29;143;0.525726
AStar;29;144;0.512985
AStar;29;145;0.416908
AStar;29;146;0.463245
AStar;29;147;0.565407
AStar;29;148;0.461706
AStar;29;149;0.457475
AStar;29;150;0.525682
AStar;29;151;0.467032
AStar;29;152;0.437995
AStar;29;153;0.45879
AStar;29;154;0.57339
AStar;29;155;0.463528
AStar;29;156;0.405097
AStar;29;157;0.545367
AStar;29;158;0.518852
AStar;29;159;0.445164
AStar;29;160;0.482848
AStar;29;161;0.535011
AStar;29;162;0.443822
AStar;29;163;0.441871
AStar;29;164;0.536883
AStar;29;165;0.51154
AStar;29;166;0.435554
AStar;29;167;0.456036
AStar;29;168;0.498331
AStar;29;169;0.462557
AStar;29;170;0.440366
AStar;29;171;0.571335
AStar;29;172;0.819708
AStar;29;173;0.613754
AStar;29;174;0.721329
AStar;29;175;0.557934
AStar;29;176;0.608742
AStar;29;177;0.58447
AStar;29;178;0.649043
AStar;29;179;0.572671
AStar;29;180;0.619252
AStar;29;181;0.569522
AStar;29;182;0.634595
AStar;29;183;0.565649
AStar;29;184;0.434436
AStar;29;185;0.499194
AStar;29;186;0.473867
AStar;29;187;0.537706
AStar;29;188;0.510502
AStar;29;189;0.44631
AStar;29;190;0.467232
AStar;29;191;0.453402
AStar;29;192;0.496944
AStar;29;193;0.479159
AStar;29;194;0.483588
AStar;29;195;0.510847
AStar;29;196;0.459178
AStar;29;197;0.451634
AStar;29;198;0.448897
AStar;29;199;0.491424
AStar;29;200;0.461334
AStar;29;201;0.572346
AStar;29;202;0.83799
AStar;29;203;0.688613
AStar;29;204;0.644282
AStar;29;205;0.642979
AStar;29;206;0.597632
AStar;29;207;0.590751
AStar;29;208;0.581029
AStar;29;209;0.620502
AStar;29;210;0.661901
AStar;29;211;0.526312
AStar;29;212;0.686959
AStar;29;213;0.595787
AStar;29;214;0.556883
AStar;29;215;0.479657
AStar;29;216;0.508027
AStar;29;217;0.522766
AStar;29;218;0.462754
AStar;29;219;0.46895
AStar;29;220;0.510174
AStar;29;221;0.492268
AStar;29;222;0.475467
AStar;29;223;0.496998
AStar;29;224;0.462885
AStar;29;225;0.49552
AStar;29;226;0.458014
AStar;29;227;0.462621
AStar;29;228;0.511729
AStar;29;229;0.462731
AStar;29;230;0.501743
AStar;29;231;0.458228
AStar;29;232;0.643395
AStar;29;233;0.780115
AStar;29;234;0.713616
AStar;29;235;0.666454
AStar;29;236;0.560086
AStar;29;237;0.638226
AStar;29;238;0.61718
AStar;29;239;0.616894
AStar;29;240;0.570799
AStar;29;241;0.691147
AStar;29;242;0.517751
AStar;29;243;0.675898
AStar;29;244;0.688849
AStar;29;245;0.561704
AStar;29;246;0.487465
AStar;29;247;0.511081
AStar;29;248;0.533588
AStar;29;249;0.503056
AStar;29;250;0.509339
AStar;29;251;0.458059
AStar;29;252;0.48951
AStar;29;253;0.488835
AStar;29;254;0.546756
AStar;29;255;0.505517
AStar;29;256;0.465239
AStar;29;257;0.468045
AStar;29;258;0.479739
AStar;29;259;0.491814
AStar;29;260;0.488042
AStar;29;261;0.470097
AStar;29;262;0.484074
AStar;29;263;0.586161
AStar;29;264;0.706049
AStar;29;265;0.802359
AStar;29;266;0.824283
AStar;29;267;0.887995
AStar;29;268;0.658942
AStar;29;269;0.555878
AStar;29;270;0.698606
AStar;29;271;0.539744
AStar;29;272;0.710838
AStar;29;273;0.541879
AStar;29;274;0.672348
AStar;29;275;0.48163
AStar;29;276;0.470009
AStar;29;277;0.482571
AStar;29;278;0.511712
AStar;29;279;0.455557
AStar;29;280;0.483978
AStar;29;281;0.474289
AStar;29;282;0.482973
AStar;29;283;0.499314
AStar;29;284;0.488875
AStar;29;285;0.508956
AStar;29;286;0.49481
AStar;29;287;0.476927
AStar;29;288;0.508284
AStar;29;289;0.491605
AStar;29;28;0.139117
AStar;29;290;0.481615
AStar;29;291;0.487105
AStar;29;292;0.498779
AStar;29;293;0.772115
AStar;29;294;0.851911
AStar;29;295;0.758526
AStar;29;296;0.740514
AStar;29;297;0.592131
AStar;29;298;0.660329
AStar;29;299;0.514657
AStar;29;29;0.139298
AStar;29;300;0.511651
AStar;29;301;0.602783
AStar;29;302;0.757759
AStar;29;303;0.536334
AStar;29;304;0.73802
AStar;29;305;0.590522
AStar;29;306;0.615518
AStar;29;307;0.490218
AStar;29;308;0.507309
AStar;29;309;0.481933
AStar;29;30;0.168468
AStar;29;310;0.562022
AStar;29;311;0.51436
AStar;29;312;0.502517
AStar;29;313;0.50782
AStar;29;314;0.477663
AStar;29;315;0.491256
AStar;29;316;0.4913
AStar;29;317;0.516207
AStar;29;318;0.521495
AStar;29;319;0.484631
AStar;29;31;0.206654
AStar;29;320;0.492564
AStar;29;321;0.543283
AStar;29;322;0.80594
AStar;29;323;0.763071
AStar;29;324;0.680616
AStar;29;325;0.636207
AStar;29;326;0.479059
AStar;29;327;0.53193
AStar;29;328;0.754507
AStar;29;329;0.736174
AStar;29;32;0.205987
AStar;29;330;0.751517
AStar;29;331;0.549196
AStar;29;332;0.682321
AStar;29;333;0.682938
AStar;29;334;0.644404
AStar;29;335;0.505042
AStar;29;336;0.504065
AStar;29;337;0.519804
AStar;29;338;0.519668
AStar;29;339;0.497522
AStar;29;33;0.227948
AStar;29;340;0.594645
AStar;29;341;0.549614
AStar;29;342;0.496729
AStar;29;343;0.512336
AStar;29;344;0.519168
AStar;29;345;0.527632
AStar;29;346;0.530914
AStar;29;347;0.522929
AStar;29;348;0.532663
AStar;29;349;0.531398
AStar;29;34;0.318406
AStar;29;350;0.770479
AStar;29;351;0.672531
AStar;29;352;0.767049
AStar;29;353;0.611372
AStar;29;354;0.619331
AStar;29;355;0.740609
AStar;29;356;0.587645
AStar;29;357;0.685347
AStar;29;358;0.603097
AStar;29;359;0.692831
AStar;29;35;0.275673
AStar;29;360;0.725732
AStar;29;361;0.556911
AStar;29;362;0.485692
AStar;29;363;0.616805
AStar;29;364;0.528026
AStar;29;365;0.482095
AStar;29;366;0.514648
AStar;29;367;0.502677
AStar;29;368;0.492366
AStar;29;369;0.562218
AStar;29;36;0.250789
AStar;29;370;0.517749
AStar;29;371;0.503957
AStar;29;372;0.503007
AStar;29;373;0.524965
AStar;29;374;0.567868
AStar;29;375;0.528309
AStar;29;376;0.492277
AStar;29;377;0.541882
AStar;29;378;0.680179
AStar;29;379;0.687289
AStar;29;37;0.372601
AStar;29;380;0.605467
AStar;29;381;0.657792
AStar;29;382;0.63168
AStar;29;383;0.812967
AStar;29;384;0.552721
AStar;29;385;0.581533
AStar;29;386;0.74435
AStar;29;387;0.657031
AStar;29;388;0.709118
AStar;29;389;0.612131
AStar;29;38;0.432395
AStar;29;390;0.559045
AStar;29;391;0.781799
AStar;29;392;0.608646
AStar;29;393;0.597494
AStar;29;394;0.536758
AStar;29;395;0.522408
AStar;29;396;0.564692
AStar;29;397;0.516775
AStar;29;398;0.53793
AStar;29;399;0.543036
AStar;29;39;0.236888
AStar;29;400;0.552579
AStar;29;401;0.506752
AStar;29;402;0.541373
AStar;29;403;0.551592
AStar;29;404;0.530563
AStar;29;405;0.514162
AStar;29;406;0.506838
AStar;29;40;0.32333
AStar;29;41;0.246416
AStar;29;42;0.457061
AStar;29;43;0.450417
AStar;29;44;0.417864
AStar;29;45;0.47397
AStar;29;46;0.466324
AStar;29;47;0.417881
AStar;29;48;0.346258
AStar;29;49;0.316155
AStar;29;50;0.35018
AStar;29;51;0.421368
AStar;29;52;0.491262
AStar;29;53;0.417748
AStar;29;54;0.425378
AStar;29;55;0.436851
AStar;29;56;0.475065
AStar;29;57;0.379174
AStar;29;58;0.453977
AStar;29;59;0.549959
AStar;29;60;0.380336
AStar;29;61;0.438732
AStar;29;62;0.37968
AStar;29;63;0.425072
AStar;29;64;0.392736
AStar;29;65;0.375375
AStar;29;66;0.340795
AStar;29;67;0.362027
AStar;29;68;0.382814
AStar;29;69;0.386761
AStar;29;70;0.38641
AStar;29;71;0.429913
AStar;29;72;0.394211
AStar;29;73;0.364231
AStar;29;74;0.413286
AStar;29;75;0.38319
AStar;29;76;0.395557
AStar;29;77;0.385825
AStar;29;78;0.416811
AStar;29;79;0.394674
AStar;29;80;0.434018
AStar;29;81;0.387764
AStar;29;82;0.57084
AStar;29;83;0.73321
AStar;29;84;0.530304
AStar;29;85;0.599987
AStar;29;86;0.44911
AStar;29;87;0.5286
AStar;29;88;0.455111
AStar;29;89;0.498438
AStar;29;90;0.517745
AStar;29;91;0.617748
AStar;29;92;0.530878
AStar;29;93;0.521353
AStar;29;94;0.549753
AStar;29;95;0.504442
AStar;29;96;0.540765
AStar;29;97;0.536471
AStar;29;98;0.579307
AStar;29;99;0.478942
AStar;30;100;0.454838
AStar;30;101;0.47448
AStar;30;102;0.448648
AStar;30;103;0.470757
AStar;30;104;0.491615
AStar;30;105;0.429214
AStar;30;106;0.452028
AStar;30;107;0.443624
AStar;30;108;0.431375
AStar;30;109;0.504928
AStar;30;110;0.471739
AStar;30;111;0.484883
AStar;30;112;0.478771
AStar;30;113;0.484
AStar;30;114;0.474165
AStar;30;115;0.508859
AStar;30;116;0.514369
AStar;30;117;0.689309
AStar;30;118;0.824654
AStar;30;119;0.876325
AStar;30;120;0.512025
AStar;30;121;0.612713
AStar;30;122;0.490258
AStar;30;123;0.633945
AStar;30;124;0.673003
AStar;30;125;0.507644
AStar;30;126;0.71696
AStar;30;127;0.501563
AStar;30;128;0.627786
AStar;30;129;0.61826
AStar;30;130;0.569184
AStar;30;131;0.610866
AStar;30;132;0.614063
AStar;30;133;0.5514
AStar;30;134;0.488685
AStar;30;135;0.471314
AStar;30;136;0.458547
AStar;30;137;0.494043
AStar;30;138;0.483559
AStar;30;139;0.458578
AStar;30;140;0.513207
AStar;30;141;0.514842
AStar;30;142;0.563488
AStar;30;143;0.511816
AStar;30;144;0.507581
AStar;30;145;0.500812
AStar;30;146;0.490119
AStar;30;147;0.467988
AStar;30;148;0.571124
AStar;30;149;0.491959
AStar;30;150;0.461091
AStar;30;151;0.658032
AStar;30;152;0.488925
AStar;30;153;0.506933
AStar;30;154;0.586848
AStar;30;155;0.499611
AStar;30;156;0.596933
AStar;30;157;0.526441
AStar;30;158;0.456951
AStar;30;159;0.556781
AStar;30;160;0.559542
AStar;30;161;0.464449
AStar;30;162;0.496414
AStar;30;163;0.604108
AStar;30;164;0.472837
AStar;30;165;0.506035
AStar;30;166;0.603127
AStar;30;167;0.490414
AStar;30;168;0.491881
AStar;30;169;0.563731
AStar;30;170;0.516426
AStar;30;171;0.494893
AStar;30;172;0.509544
AStar;30;173;0.532894
AStar;30;174;0.484797
AStar;30;175;0.464635
AStar;30;176;0.610133
AStar;30;177;0.520912
AStar;30;178;0.485996
AStar;30;179;0.631491
AStar;30;180;0.488889
AStar;30;181;0.484015
AStar;30;182;0.546
AStar;30;183;0.480527
AStar;30;184;0.482505
AStar;30;185;0.469661
AStar;30;186;0.648535
AStar;30;187;0.471101
AStar;30;188;0.467983
AStar;30;189;0.807559
AStar;30;190;0.699875
AStar;30;191;0.64666
AStar;30;192;0.696396
AStar;30;193;0.539144
AStar;30;194;0.719568
AStar;30;195;0.540377
AStar;30;196;0.77791
AStar;30;197;0.552138
AStar;30;198;0.703193
AStar;30;199;0.521364
AStar;30;200;0.736774
AStar;30;201;0.493879
AStar;30;202;0.523012
AStar;30;203;0.530262
AStar;30;204;0.551528
AStar;30;205;0.536016
AStar;30;206;0.501359
AStar;30;207;0.50791
AStar;30;208;0.500078
AStar;30;209;0.490688
AStar;30;210;0.522954
AStar;30;211;0.516394
AStar;30;212;0.566437
AStar;30;213;0.507687
AStar;30;214;0.525206
AStar;30;215;0.53972
AStar;30;216;0.486419
AStar;30;217;0.545049
AStar;30;218;0.546903
AStar;30;219;0.655837
AStar;30;220;0.788164
AStar;30;221;0.657888
AStar;30;222;0.738271
AStar;30;223;0.584895
AStar;30;224;0.823683
AStar;30;225;0.585402
AStar;30;226;0.726096
AStar;30;227;0.568557
AStar;30;228;0.704695
AStar;30;229;0.530048
AStar;30;230;0.781583
AStar;30;231;0.537046
AStar;30;232;0.642635
AStar;30;233;0.506312
AStar;30;234;0.492239
AStar;30;235;0.519156
AStar;30;236;0.552826
AStar;30;237;0.505693
AStar;30;238;0.54472
AStar;30;239;0.550123
AStar;30;240;0.524347
AStar;30;241;0.533748
AStar;30;242;0.506143
AStar;30;243;0.50942
AStar;30;244;0.522969
AStar;30;245;0.498423
AStar;30;246;0.534579
AStar;30;247;0.492893
AStar;30;248;0.512758
AStar;30;249;0.577152
AStar;30;250;0.631283
AStar;30;251;0.863998
AStar;30;252;0.702908
AStar;30;253;0.811187
AStar;30;254;0.779663
AStar;30;255;0.532572
AStar;30;256;0.548274
AStar;30;257;0.748434
AStar;30;258;0.705273
AStar;30;259;0.640776
AStar;30;260;0.618341
AStar;30;261;0.70942
AStar;30;262;0.781799
AStar;30;263;0.560629
AStar;30;264;0.673806
AStar;30;265;0.550927
AStar;30;266;0.517475
AStar;30;267;0.491072
AStar;30;268;0.559603
AStar;30;269;0.495321
AStar;30;270;0.507555
AStar;30;271;0.519834
AStar;30;272;0.516641
AStar;30;273;0.559378
AStar;30;274;0.511021
AStar;30;275;0.534941
AStar;30;276;0.569638
AStar;30;277;0.557766
AStar;30;278;0.515622
AStar;30;279;0.518228
AStar;30;280;0.519448
AStar;30;281;0.634548
AStar;30;282;0.893009
AStar;30;283;0.628404
AStar;30;284;0.517918
AStar;30;285;0.547596
AStar;30;286;0.545367
AStar;30;287;0.569462
AStar;30;288;0.548527
AStar;30;289;0.554495
AStar;30;290;0.548836
AStar;30;291;0.575393
AStar;30;292;0.541571
AStar;30;293;0.540573
AStar;30;294;0.542233
AStar;30;295;0.510184
AStar;30;296;1.72697
AStar;30;297;0.77429
AStar;30;298;0.69974
AStar;30;299;0.535313
AStar;30;29;0.144602
AStar;30;300;0.682648
AStar;30;301;0.783603
AStar;30;302;0.681082
AStar;30;303;0.65364
AStar;30;304;0.678407
AStar;30;305;0.641061
AStar;30;306;0.746088
AStar;30;307;0.65267
AStar;30;308;0.823084
AStar;30;309;0.526034
AStar;30;30;0.174553
AStar;30;310;0.518433
AStar;30;311;0.545623
AStar;30;312;0.55626
AStar;30;313;0.521159
AStar;30;314;0.555675
AStar;30;315;0.548649
AStar;30;316;0.559778
AStar;30;317;0.58103
AStar;30;318;0.548363
AStar;30;319;0.538107
AStar;30;31;0.174459
AStar;30;320;0.57171
AStar;30;321;0.553791
AStar;30;322;0.670347
AStar;30;323;0.921449
AStar;30;324;0.793298
AStar;30;325;0.644131
AStar;30;326;0.651855
AStar;30;327;0.535644
AStar;30;328;0.684763
AStar;30;329;0.687641
AStar;30;32;0.295854
AStar;30;330;0.660189
AStar;30;331;0.745662
AStar;30;332;0.676359
AStar;30;333;0.687726
AStar;30;334;0.680429
AStar;30;335;0.521264
AStar;30;336;0.591148
AStar;30;337;0.521157
AStar;30;338;0.550603
AStar;30;339;0.526491
AStar;30;33;0.204028
AStar;30;340;0.585264
AStar;30;341;0.512989
AStar;30;342;0.568807
AStar;30;343;0.523107
AStar;30;344;0.547903
AStar;30;345;0.558439
AStar;30;346;0.56144
AStar;30;347;0.545966
AStar;30;348;0.60352
AStar;30;349;0.810678
AStar;30;34;0.270147
AStar;30;350;0.861533
AStar;30;351;0.792199
AStar;30;352;0.732434
AStar;30;353;0.717084
AStar;30;354;0.661925
AStar;30;355;0.760848
AStar;30;356;0.678116
AStar;30;357;0.799778
AStar;30;358;0.70362
AStar;30;359;0.697138
AStar;30;35;0.275433
AStar;30;360;0.547725
AStar;30;361;0.552839
AStar;30;362;0.556403
AStar;30;363;0.543974
AStar;30;364;0.52615
AStar;30;365;0.591089
AStar;30;366;0.519655
AStar;30;367;0.544738
AStar;30;368;0.517602
AStar;30;369;0.555686
AStar;30;36;0.240109
AStar;30;370;0.543578
AStar;30;371;0.557927
AStar;30;372;0.556743
AStar;30;373;0.551842
AStar;30;374;0.617209
AStar;30;375;0.575276
AStar;30;376;0.547378
AStar;30;377;0.725105
AStar;30;378;0.75534
AStar;30;379;0.802003
AStar;30;37;0.557748
AStar;30;380;0.701006
AStar;30;381;0.775414
AStar;30;382;0.733315
AStar;30;383;0.726441
AStar;30;384;0.740977
AStar;30;385;0.625642
AStar;30;386;0.79806
AStar;30;387;0.617855
AStar;30;388;0.72389
AStar;30;389;0.592948
AStar;30;38;0.256992
AStar;30;390;0.512592
AStar;30;391;0.571299
AStar;30;392;0.541331
AStar;30;393;0.547182
AStar;30;394;0.587448
AStar;30;395;0.58686
AStar;30;396;0.554477
AStar;30;397;0.60085
AStar;30;398;0.537901
AStar;30;399;0.564865
AStar;30;39;0.278243
AStar;30;400;0.572019
AStar;30;401;0.616237
AStar;30;402;0.625215
AStar;30;403;0.531148
AStar;30;404;0.584513
AStar;30;405;0.715786
AStar;30;406;0.870159
AStar;30;407;0.689157
AStar;30;408;0.784132
AStar;30;409;0.632014
AStar;30;40;0.321689
AStar;30;410;0.753551
AStar;30;411;0.774811
AStar;30;412;0.65747
AStar;30;413;0.775762
AStar;30;414;0.865142
AStar;30;415;0.687338
AStar;30;416;0.708806
AStar;30;417;0.538516
AStar;30;418;0.54832
AStar;30;419;0.546754
AStar;30;41;0.287217
AStar;30;420;0.657376
AStar;30;421;0.568267
AStar;30;422;0.609952
AStar;30;423;0.611774
AStar;30;424;0.562632
AStar;30;425;0.554621
AStar;30;426;0.577016
AStar;30;427;0.566762
AStar;30;428;0.60413
AStar;30;429;0.760292
AStar;30;42;0.41325
AStar;30;430;0.792773
AStar;30;431;0.738677
AStar;30;432;0.754372
AStar;30;433;0.704853
AStar;30;434;0.804704
AStar;30;435;0.680553
AStar;30;43;0.470322
AStar;30;44;0.348345
AStar;30;45;0.355829
AStar;30;46;0.525069
AStar;30;47;0.370489
AStar;30;48;0.372265
AStar;30;49;0.376145
AStar;30;50;0.339092
AStar;30;51;0.328092
AStar;30;52;0.355128
AStar;30;53;0.378479
AStar;30;54;0.327027
AStar;30;55;0.387303
AStar;30;56;0.387264
AStar;30;57;0.39524
AStar;30;58;0.359984
AStar;30;59;0.392677
AStar;30;60;0.356452
AStar;30;61;0.353274
AStar;30;62;0.39989
AStar;30;63;0.385429
AStar;30;64;0.39087
AStar;30;65;0.390502
AStar;30;66;0.433886
AStar;30;67;0.409025
AStar;30;68;0.413405
AStar;30;69;0.374142
AStar;30;70;0.420292
AStar;30;71;0.395261
AStar;30;72;0.442685
AStar;30;73;0.660679
AStar;30;74;0.560934
AStar;30;75;0.475562
AStar;30;76;0.580779
AStar;30;77;0.715949
AStar;30;78;0.436676
AStar;30;79;0.466892
AStar;30;80;0.415386
AStar;30;81;0.64923
AStar;30;82;0.583603
AStar;30;83;0.579012
AStar;30;84;0.52281
AStar;30;85;0.584453
AStar;30;86;0.568186
AStar;30;87;0.486033
AStar;30;88;0.65793
AStar;30;89;0.474758
AStar;30;90;0.522781
AStar;30;91;0.444066
AStar;30;92;0.429454
AStar;30;93;0.442306
AStar;30;94;0.539572
AStar;30;95;0.432289
AStar;30;96;0.480733
AStar;30;97;0.466184
AStar;30;98;0.477691
AStar;30;99;0.465081
AStar;3;2;0.00157846
AStar;3;3;0.00183924
AStar;4;3;0.00229592
AStar;4;4;0.00291348
AStar;4;5;0.00325874
AStar;4;6;0.00378288
AStar;5;10;0.0058262
AStar;5;4;0.003595
AStar;5;5;0.0041974
AStar;5;6;0.0042487
AStar;5;7;0.00496294
AStar;5;8;0.00912238
AStar;5;9;0.00636576
AStar;6;10;0.0147035
AStar;6;11;0.00842784
AStar;6;12;0.00905514
AStar;6;13;0.00983488
AStar;6;14;0.00906322
AStar;6;15;0.00999094
AStar;6;5;0.00508334
AStar;6;6;0.00525794
AStar;6;7;0.0059271
AStar;6;8;0.00673356
AStar;6;9;0.0144113
AStar;7;10;0.0100026
AStar;7;11;0.010108
AStar;7;12;0.0113046
AStar;7;13;0.0110469
AStar;7;14;0.0123432
AStar;7;15;0.0128217
AStar;7;16;0.0137074
AStar;7;17;0.0146894
AStar;7;18;0.0131062
AStar;7;19;0.0143107
AStar;7;20;0.0150889
AStar;7;21;0.0152904
AStar;7;6;0.00723852
AStar;7;7;0.0075418
AStar;7;8;0.0082609
AStar;7;9;0.0104004
AStar;8;10;0.0131784
AStar;8;11;0.012607
AStar;8;12;0.014697
AStar;8;13;0.0139456
AStar;8;14;0.0151893
AStar;8;15;0.0152956
AStar;8;16;0.0167089
AStar;8;17;0.0152961
AStar;8;18;0.0161024
AStar;8;19;0.0168415
AStar;8;20;0.0176418
AStar;8;21;0.0182667
AStar;8;22;0.019089
AStar;8;23;0.0190204
AStar;8;24;0.0226303
AStar;8;25;0.0331516
AStar;8;26;0.0357246
AStar;8;27;0.0360532
AStar;8;28;0.0364617
AStar;8;7;0.0121626
AStar;8;8;0.0217557
AStar;8;9;0.0175978
AStar;9;10;0.0262624
AStar;9;11;0.0129556
AStar;9;12;0.0313865
AStar;9;13;0.0184302
AStar;9;14;0.0256939
AStar;9;15;0.0198035
AStar;9;16;0.0230586
AStar;9;17;0.0536098
AStar;9;18;0.033066
AStar;9;19;0.0362083
AStar;9;20;0.0365162
AStar;9;21;0.030825
AStar;9;22;0.034744
AStar;9;23;0.035658
AStar;9;24;0.0218864
AStar;9;25;0.0422345
AStar;9;26;0.0296622
AStar;9;27;0.0253763
AStar;9;28;0.0269328
AStar;9;29;0.0261526
AStar;9;30;0.0467329
AStar;9;31;0.0425714
AStar;9;32;0.0414208
AStar;9;33;0.037689
AStar;9;34;0.0405317
AStar;9;35;0.0440188
AStar;9;36;0.0285861
AStar;9;8;0.0186655
AStar;9;9;0.011805
